# shelf	bundle	pack	file	dur_s	sr	ch	peak_db	onsets_ms	licence
# generated by tools/audio/catalog.py — do not edit by hand; shelves live in library_categories.tsv
ambience-city	Sonniss.com-GDC2024-GameAudioBundle1of9	Bolt - Berlin Vignettes - Ambiences and Sonic Curiosities	Bolt - Berlin Vignettes - Ambiences and Sonic Curiosities/AMBPark_Berlin Zoo Kids Talking Walla Birdsong_BOLT_H1 9624.wav	74.40	96000	2			Sonniss-GDC-royalty-free
ambience-city	Sonniss.com-GDC2024-GameAudioBundle1of9	Bolt - Berlin Vignettes - Ambiences and Sonic Curiosities	Bolt - Berlin Vignettes - Ambiences and Sonic Curiosities/AMBTran_Hannover Train Station Electric Locomotive Idling Distant Voices_BOLT_H1 9624.wav	57.26	96000	2			Sonniss-GDC-royalty-free
ambience-city	Sonniss.com-GDC2024-GameAudioBundle1of9	Bolt - Berlin Vignettes - Ambiences and Sonic Curiosities	Bolt - Berlin Vignettes - Ambiences and Sonic Curiosities/AMBUrbn_Berlin Balcony Late Afternoon Walla Ambulance Public Transport Church Bells_BOLT_Berlin Vignettes_H1 9624.wav	303.75	96000	2			Sonniss-GDC-royalty-free
ambience-city	Sonniss.com-GDC2024-GameAudioBundle1of9	Chupapsound - Traffic Car In Paris	Chupapsound - Traffic Car In Paris/HAUTEUR VILLE DOWNMIX.wav	162.73	48000	2			Sonniss-GDC-royalty-free
ambience-city	Sonniss.com-GDC2024-GameAudioBundle1of9	Chupapsound - Traffic Car In Paris	Chupapsound - Traffic Car In Paris/PORTE ORLEANS PERIPH SURROUND.wav	123.05	48000	5			Sonniss-GDC-royalty-free
ambience-city	Sonniss.com-GDC2024-GameAudioBundle1of9	InMotionAudio - Lawn Mower Ambience	InMotionAudio - Lawn Mower Ambience/MOTRElec_LawnMowing01_InMotionAudio_LawnMowerAmbience.wav	121.95	96000	2			Sonniss-GDC-royalty-free
ambience-city	Sonniss.com-GDC2024-GameAudioBundle1of9	InMotionAudio - Manchester Ambience	InMotionAudio - Manchester Ambience/AMBUrbn_CityAmbience07_InMotionAudio_ManchesterAmbience.wav	100.48	96000	2			Sonniss-GDC-royalty-free
ambience-city	Sonniss.com-GDC2024-GameAudioBundle1of9	InMotionAudio - Manchester Ambience	InMotionAudio - Manchester Ambience/AMBUrbn_CityAmbience17_InMotionAudio_ManchesterAmbience.wav	162.96	96000	2			Sonniss-GDC-royalty-free
ambience-city	Sonniss.com-GDC2024-GameAudioBundle1of9	InMotionAudio - Manchester Ambience	InMotionAudio - Manchester Ambience/TRNTram_TramByPass04_InMotionAudio_ManchesterAmbience.wav	25.19	96000	2	-0.5	0	Sonniss-GDC-royalty-free
ambience-city	Sonniss.com-GDC2024-GameAudioBundle2of9	InMotionAudio - Train Station Ambience	InMotionAudio - Train Station Ambience/AMBTran_TrainStation06_InMotionAudio_TrainStationAmbience.wav	92.12	96000	2			Sonniss-GDC-royalty-free
ambience-city	Sonniss.com-GDC2024-GameAudioBundle2of9	InMotionAudio - Train Station Ambience	InMotionAudio - Train Station Ambience/AMBTran_TrainStation10_InMotionAudio_TrainStationAmbience.wav	259.34	96000	2			Sonniss-GDC-royalty-free
ambience-city	Sonniss.com-GDC2024-GameAudioBundle2of9	InMotionAudio - UK Construction Ambience	InMotionAudio - UK Construction Ambience/AMBCnst_Construction03_InMotionAudio_UKConstructionAmbience.wav	206.19	96000	2			Sonniss-GDC-royalty-free
ambience-city	Sonniss.com-GDC2024-GameAudioBundle2of9	InMotionAudio - UK Construction Ambience	InMotionAudio - UK Construction Ambience/AMBCnst_Construction07_InMotionAudio_UKConstructionAmbience.wav	53.16	96000	2			Sonniss-GDC-royalty-free
ambience-city	Sonniss.com-GDC2024-GameAudioBundle2of9	InMotionAudio - UK Motorway	InMotionAudio - UK Motorway/AMBTraf_Day09_Traffic_NTG4_InMotionAudio_UKMotorwaySamples.wav	121.46	96000	2			Sonniss-GDC-royalty-free
ambience-city	Sonniss.com-GDC2024-GameAudioBundle2of9	InMotionAudio - UK Motorway	InMotionAudio - UK Motorway/AMBTraf_Night07_Traffic_H4N_InMotionAudio_UKMotorwaySamples.wav	90.82	96000	2			Sonniss-GDC-royalty-free
ambience-city	Sonniss.com-GDC2024-GameAudioBundle2of9	InMotionAudio - UK Police Vehicle	InMotionAudio - UK Police Vehicle/AMBInd_WorkShop04_InMotionAudio_UKPoliceVehicleSamples.wav	121.17	96000	2			Sonniss-GDC-royalty-free
ambience-city	Sonniss.com-GDC2024-GameAudioBundle2of9	InMotionAudio - UK Police Vehicle	InMotionAudio - UK Police Vehicle/VEHDoor_PoliceFordTransitVan_CellDoor02_InMotionAudio_UKPoliceVehicleSamples.wav	5.84	96000	2	-4.9	283,673,3038,4023	Sonniss-GDC-royalty-free
ambience-city	Sonniss.com-GDC2024-GameAudioBundle2of9	InMotionAudio - UK Police Vehicle	InMotionAudio - UK Police Vehicle/VEHMech_PoliceFordTransitVan__CellDoor_LockOpen02_InMotionAudio_UKPoliceVehicleSamples.wav	0.73	96000	2	-6.0	70,285,355	Sonniss-GDC-royalty-free
ambience-city	Sonniss.com-GDC2024-GameAudioBundle2of9	InMotionAudio - UK Police Vehicle	InMotionAudio - UK Police Vehicle/VEHMisc_PoliceFordTransitVan_CellFoley02_InMotionAudio_UKPoliceVehicleSamples.wav	2.04	96000	2	-10.9	0,869,1560	Sonniss-GDC-royalty-free
ambience-city	Sonniss.com-GDC2024-GameAudioBundle2of9	InMotionAudio - UK Shops	InMotionAudio - UK Shops/AMBPubl_ShopAmbience04_InMotionAudio_UKShopSamples.wav	45.85	96000	2			Sonniss-GDC-royalty-free
ambience-city	Sonniss.com-GDC2024-GameAudioBundle2of9	InMotionAudio - UK Shops	InMotionAudio - UK Shops/AMBPubl_ShopAmbience08_InMotionAudio_UKShopSamples.wav	264.00	96000	2			Sonniss-GDC-royalty-free
ambience-city	Sonniss.com-GDC2024-GameAudioBundle2of9	InMotionAudio - UK Train Interior Ambience	InMotionAudio - UK Train Interior Ambience/AMBTran_TrainInterior06_InMotionAudio_UKTrainInteriorAmbience.wav	125.98	96000	2			Sonniss-GDC-royalty-free
ambience-city	Sonniss.com-GDC2024-GameAudioBundle2of9	InMotionAudio - UK Train Interior Ambience	InMotionAudio - UK Train Interior Ambience/AMBTran_TrainInterior21_InMotionAudio_UKTrainInteriorAmbience.wav	165.90	96000	2			Sonniss-GDC-royalty-free
ambience-city	Sonniss.com-GDC2024-GameAudioBundle2of9	Jake Fielding - British Train Station Ambiences	Jake Fielding - British Train Station Ambiences/AMBTran_Train Station Boulevard Entrance Ambience,_JF_Train Station Atmos.wav	195.92	48000	2			Sonniss-GDC-royalty-free
ambience-city	Sonniss.com-GDC2024-GameAudioBundle2of9	Jake Fielding - British Train Station Ambiences	Jake Fielding - British Train Station Ambiences/AMBTran_Underground Station Ambience, Knightsbridge,_JF_Train Station Atmos.wav	145.06	48000	2			Sonniss-GDC-royalty-free
ambience-city	Sonniss.com-GDC2024-GameAudioBundle2of9	Jake Fielding - Chamber of Shadows - Morgue Room Tones	Jake Fielding - Chamber of Shadows - Morgue Room Tones/AMBRoom_Morgue Freezer Tone, Interior_JF_Morgue Tones_02.wav	134.03	48000	2			Sonniss-GDC-royalty-free
ambience-city	Sonniss.com-GDC2024-GameAudioBundle2of9	Jake Fielding - Chamber of Shadows - Morgue Room Tones	Jake Fielding - Chamber of Shadows - Morgue Room Tones/AMBRoom_Morgue Freezer Unit Room Tone_JF_Morgue Tones_03.wav	183.81	48000	2			Sonniss-GDC-royalty-free
ambience-city	Sonniss.com-GDC2024-GameAudioBundle2of9	Jake Fielding - Chamber of Shadows - Morgue Room Tones	Jake Fielding - Chamber of Shadows - Morgue Room Tones/AMBRoom_Morgue Reception Room Tone, Fan, Movement_JF_Morgue Tones_02.wav	177.64	48000	2			Sonniss-GDC-royalty-free
ambience-city	Sonniss.com-GDC2024-GameAudioBundle2of9	Jake Fielding - Circus Ambiences	Jake Fielding - Circus Ambiences/AMBCnst_Hammering, Tools, Tent, Reverb_JF_Circus.wav	119.38	48000	2			Sonniss-GDC-royalty-free
ambience-city	Sonniss.com-GDC2024-GameAudioBundle2of9	Jake Fielding - Circus Ambiences	Jake Fielding - Circus Ambiences/MACHFan_Generator, Air Conditioning, Motor, Hum_JF_Circus_02.wav	59.71	48000	2			Sonniss-GDC-royalty-free
ambience-city	Sonniss.com-GDC2024-GameAudioBundle2of9	Jake Fielding - Circus Ambiences	Jake Fielding - Circus Ambiences/VOXFem_Accouncement Wet, Ringmaster, Performer, Dialogue_JF_Circus_01.wav	19.43	48000	2	-9.4	0,3255,3641,4622,6777,7829,8050,11500,11720,13250,14215,14343,14499,15805	Sonniss-GDC-royalty-free
ambience-city	Sonniss.com-GDC2024-GameAudioBundle2of9	Jake Fielding - Fridge Hums	Jake Fielding - Fridge Hums/MACHAppl_Electrical Fridge Hum, Water Drips, Rattle,_Jake Fielding_Fridge Hums.wav	47.57	48000	2			Sonniss-GDC-royalty-free
ambience-city	Sonniss.com-GDC2024-GameAudioBundle2of9	Jake Fielding - Fridge Hums	Jake Fielding - Fridge Hums/MACHAppl_Water Cooler, Fridge, Electrical Appliance,_Jake Fielding_Fridge Hums_02.wav	124.25	48000	2			Sonniss-GDC-royalty-free
ambience-city	Sonniss.com-GDC2024-GameAudioBundle2of9	Jake Fielding - Industrial Harbor	Jake Fielding - Industrial Harbor/AMBInd_Distant Port Atmos, Dover, Industrial, Vehicles,_Jake Fielding_Industrial Harbor.wav	129.58	48000	2			Sonniss-GDC-royalty-free
ambience-city	Sonniss.com-GDC2024-GameAudioBundle2of9	Jake Fielding - Industrial Harbor	Jake Fielding - Industrial Harbor/BOATMisc_Boats going past, Port_Jake Fielding_Industrial Harbor.wav	164.18	48000	2			Sonniss-GDC-royalty-free
ambience-city	Sonniss.com-GDC2024-GameAudioBundle2of9	Jake Fielding - Industrial Harbor	Jake Fielding - Industrial Harbor/WATRWave_Water Lapping against port_Jake Fielding_Industrial Harbor.wav	101.35	48000	2			Sonniss-GDC-royalty-free
ambience-city	Sonniss.com-GDC2024-GameAudioBundle2of9	Jake Fielding - Neutral Interior Walla	Jake Fielding - Neutral Interior Walla/CRWDWalla_Neutral Interior Walla, Hushed Voices, Reverberant,_Jake Fielding_INT WALLA_03.wav	94.03	48000	2			Sonniss-GDC-royalty-free
ambience-city	Sonniss.com-GDC2024-GameAudioBundle2of9	Jake Fielding - Neutral Interior Walla	Jake Fielding - Neutral Interior Walla/CRWDWalla_Neutral Interior Walla, Hushed Voices, Reverberant,_Jake Fielding_INT WALLA_05.wav	45.66	48000	2			Sonniss-GDC-royalty-free
ambience-city	Sonniss.com-GDC2024-GameAudioBundle2of9	Jake Fielding - Sounds of Spain	Jake Fielding - Sounds of Spain/AMBBird_Cicadas, Crickets, Insects, Birds, Nature,_Jake Fielding_Sounds of Spain_02.wav	132.33	48000	2			Sonniss-GDC-royalty-free
ambience-city	Sonniss.com-GDC2024-GameAudioBundle2of9	Jake Fielding - Sounds of Spain	Jake Fielding - Sounds of Spain/AMBOffc_Room Tone, Window Open, Walla, Spanish, Traffic,_Jake Fielding_Sounds of Spain.wav	82.97	48000	2			Sonniss-GDC-royalty-free
ambience-city	Sonniss.com-GDC2024-GameAudioBundle2of9	Jake Fielding - Sounds of Spain	Jake Fielding - Sounds of Spain/AMBTown_Town Square 02_Jake Fielding_Sounds of Spain.wav	59.98	48000	2			Sonniss-GDC-royalty-free
ambience-city	Sonniss.com-GDC2024-GameAudioBundle2of9	Jake Fielding - Sounds of Spain	Jake Fielding - Sounds of Spain/BIRDSong_Bird, Nature, Isolated, Spain_Jake Fielding_Sounds of Spain.wav	55.58	48000	2			Sonniss-GDC-royalty-free
ambience-city	Sonniss.com-GDC2024-GameAudioBundle2of9	Jake Fielding - Symphony of Steel - Steelwork Ambiences	Jake Fielding - Symphony of Steel - Steelwork Ambiences/AMBInd_Industrial Warehouse Construction Ambience_JF_SoS_01.wav	153.38	48000	2			Sonniss-GDC-royalty-free
ambience-city	Sonniss.com-GDC2024-GameAudioBundle2of9	Jake Fielding - Symphony of Steel - Steelwork Ambiences	Jake Fielding - Symphony of Steel - Steelwork Ambiences/METLFric_Steel Cutting, Machine, Industrial, Factory_JF_SoS.wav	162.08	48000	1			Sonniss-GDC-royalty-free
ambience-city	Sonniss.com-GDC2024-GameAudioBundle2of9	Jake Fielding - Symphony of Steel - Steelwork Ambiences	Jake Fielding - Symphony of Steel - Steelwork Ambiences/METLFric_Steel Welding & Grinding, Machine, Industrial_JF_SoS.wav	19.33	48000	1	-1.9	0	Sonniss-GDC-royalty-free
ambience-city	Sonniss.com-GDC2024-GameAudioBundle2of9	Jake Fielding - Train Onboards	Jake Fielding - Train Onboards/DOORHydr_Train Door Close_JF_Train Tracks .wav	1.22	48000	2	0.0	0,185	Sonniss-GDC-royalty-free
ambience-city	Sonniss.com-GDC2024-GameAudioBundle2of9	Jake Fielding - Train Onboards	Jake Fielding - Train Onboards/TRNSbwy_London Underground, Metro, Break Squeal,_JF_Train Tracks_03.wav	280.20	48000	2			Sonniss-GDC-royalty-free
ambience-city	Sonniss.com-GDC2024-GameAudioBundle2of9	Jake Fielding - Train Onboards	Jake Fielding - Train Onboards/VOXFem_Train Tannoy Announcement_JF_Train Tracks_02.wav	2.28	48000	2	-4.7	94,1551	Sonniss-GDC-royalty-free
ambience-nature	Sonniss.com-GDC2024-GameAudioBundle1of9	Bolt - Backyard Rain & Thunder - Suburban Rain Recordings	Bolt - Backyard Rain & Thunder - Suburban Rain Recordings/RAIN_Distant Thunder and Rain Long Thunderstorm C_BOLT_BackyardRain_UsiPro.wav	129.74	96000	2			Sonniss-GDC-royalty-free
ambience-nature	Sonniss.com-GDC2024-GameAudioBundle1of9	Bolt - Backyard Rain & Thunder - Suburban Rain Recordings	Bolt - Backyard Rain & Thunder - Suburban Rain Recordings/RAIN_Rain at Night Slow Crescendo Calm Suburban_BOLT_BackyardRain_UsiPro.wav	453.60	96000	2			Sonniss-GDC-royalty-free
ambience-nature	Sonniss.com-GDC2024-GameAudioBundle1of9	Bolt - Immersive Creek -  Ambisonic Recordings of Undisturbed Creeks in Vermont	Bolt - Immersive Creek -  Ambisonic Recordings of Undisturbed Creeks in Vermont/WATRFlow_Babbling Brook, Snow Melt, Calm, Constant, Bubbling_BOLT_Immersive Creek_RODE NTSF1 XY.wav	179.04	96000	2			Sonniss-GDC-royalty-free
ambience-nature	Sonniss.com-GDC2024-GameAudioBundle1of9	Bolt - Immersive Creek -  Ambisonic Recordings of Undisturbed Creeks in Vermont	Bolt - Immersive Creek -  Ambisonic Recordings of Undisturbed Creeks in Vermont/WATRFlow_Rapid Water Movement Next to Waterfall, Vibrations, Drone, Rumble_BOLT_Immersive Creek_Geofon.wav	667.84	48000	1			Sonniss-GDC-royalty-free
ambience-nature	Sonniss.com-GDC2024-GameAudioBundle1of9	Bolt - Immersive Creek -  Ambisonic Recordings of Undisturbed Creeks in Vermont	Bolt - Immersive Creek -  Ambisonic Recordings of Undisturbed Creeks in Vermont/WATRFlow_Small Waterfall, Close, Constant, White Noise, Bubbling_Immersive Creek_RODE NTSF1 AmbiX.wav	613.62	96000	4			Sonniss-GDC-royalty-free
ambience-nature	Sonniss.com-GDC2024-GameAudioBundle1of9	InMotionAudio - Cave Design	InMotionAudio - Cave Design/AMBUndr_CaveDesign01_InMotionAudio_CaveDesign.wav	22.05	96000	2	-10.7	78,187,349,851,2698,2856,3096,3188,3282,4697,4776,5102,5389,5480,5629,5829,5929,6169,6404,6628,6968,9589,10135,10485	Sonniss-GDC-royalty-free
ambience-nature	Sonniss.com-GDC2024-GameAudioBundle1of9	InMotionAudio - Cave Design	InMotionAudio - Cave Design/AMBUndwtr_WaterFlow05_InMotionAudio_CaveDesign.wav	10.57	96000	2	-6.0	560,729,1254,1638,1959,2195,2430,2924,3076,3911,4478,4995,5385,5464,5582,5648,5853,6205,6746,7236,8831,8994,9472,9621	Sonniss-GDC-royalty-free
ambience-nature	Sonniss.com-GDC2024-GameAudioBundle1of9	InMotionAudio - Cave Design	InMotionAudio - Cave Design/WATRDrip_SingleDrip03_InMotionAudio_CaveDesign.wav	0.15	96000	2	-20.1	0	Sonniss-GDC-royalty-free
ambience-nature	Sonniss.com-GDC2024-GameAudioBundle1of9	InMotionAudio - Cave Design	InMotionAudio - Cave Design/WATRDrip_SingleDripDesign05_InMotionAudio_CaveDesign.wav	6.50	96000	2	-17.2	0,1275	Sonniss-GDC-royalty-free
ambience-nature	Sonniss.com-GDC2024-GameAudioBundle2of9	InMotionAudio - Sound of the Corn	InMotionAudio - Sound of the Corn/VEGELeaf_CornLeafMovements02_InMotionAudio_SoundoftheCorn.wav	2.03	96000	2	-9.6	0	Sonniss-GDC-royalty-free
ambience-nature	Sonniss.com-GDC2024-GameAudioBundle2of9	InMotionAudio - Sound of the Corn	InMotionAudio - Sound of the Corn/VEGEMisc_CornStalkMovements20_InMotionAudio_SoundoftheCorn.wav	11.94	96000	2	-0.3	0,8801,9338,9615,9802	Sonniss-GDC-royalty-free
ambience-nature	Sonniss.com-GDC2024-GameAudioBundle2of9	InMotionAudio - Sound of the Corn	InMotionAudio - Sound of the Corn/WINDVege_CornFieldsDay02_InMotionAudio_SoundoftheCorn.wav	97.11	96000	2			Sonniss-GDC-royalty-free
ambience-nature	Sonniss.com-GDC2024-GameAudioBundle2of9	InMotionAudio - Submerge	InMotionAudio - Submerge/WATRDran_Drain02_InMotionAudio_Submerge.wav	9.12	96000	2	-7.1	0	Sonniss-GDC-royalty-free
ambience-nature	Sonniss.com-GDC2024-GameAudioBundle2of9	InMotionAudio - Submerge	InMotionAudio - Submerge/WATRFlow_WaterFlow21_InMotionAudio_Submerge.wav	33.83	96000	2			Sonniss-GDC-royalty-free
ambience-nature	Sonniss.com-GDC2024-GameAudioBundle2of9	InMotionAudio - Submerge	InMotionAudio - Submerge/WATRImpt_Impact20_InMotionAudio_Submerge.wav	1.85	96000	2	-9.3	60,1722	Sonniss-GDC-royalty-free
ambience-nature	Sonniss.com-GDC2024-GameAudioBundle2of9	InMotionAudio - Submerge	InMotionAudio - Submerge/WATRMvmt_WaterRockMovement04_InMotionAudio_Submerge.wav	3.22	96000	2	-1.7	86,180,425,546,726,886,1247,1498,1977,2398,2611	Sonniss-GDC-royalty-free
ambience-nature	Sonniss.com-GDC2024-GameAudioBundle2of9	InMotionAudio - The Forest	InMotionAudio - The Forest/AMBForst_Forest04_InMotionAudio_TheForestSamples.wav	77.74	96000	2			Sonniss-GDC-royalty-free
ambience-nature	Sonniss.com-GDC2024-GameAudioBundle2of9	InMotionAudio - The Forest	InMotionAudio - The Forest/AMBForst_Forest08_InMotionAudio_TheForestSamples.wav	168.07	96000	2			Sonniss-GDC-royalty-free
ambience-nature	Sonniss.com-GDC2024-GameAudioBundle2of9	Justsoundeffects - Forest Ambiences	Justsoundeffects - Forest Ambiences/AMBForst_Spring Afternoon Edge of Mixed Forest Yellowhammer Eurasian Blackcap Tree Pipit Insects_JSE_FA.wav	88.45	96000	2			Sonniss-GDC-royalty-free
ambience-nature	Sonniss.com-GDC2024-GameAudioBundle2of9	Justsoundeffects - Forest Ambiences	Justsoundeffects - Forest Ambiences/AMBForst_Spring Noon Deciduous Forest Gentle Wind Leaves Rustling Blackbird Raven in Background_JSE_FA.wav	111.44	96000	2			Sonniss-GDC-royalty-free
ambience-nature	Sonniss.com-GDC2024-GameAudioBundle2of9	Justsoundeffects - Forest Ambiences	Justsoundeffects - Forest Ambiences/BIRDPrey_Spring Night Deciduous Forest Many Tawny Owls Wind Leaves Rustling_JSE_FA.wav	52.17	96000	2			Sonniss-GDC-royalty-free
ambience-nature	Sonniss.com-GDC2024-GameAudioBundle2of9	Justsoundeffects - Forest Ambiences	Justsoundeffects - Forest Ambiences/BIRDSong_Spring Noon Coniferous Forest Coal Tit Wind_JSE_FA.wav	93.66	96000	2			Sonniss-GDC-royalty-free
ambience-nature	Sonniss.com-GDC2024-GameAudioBundle2of9	Justsoundeffects - Forests of Norway	Justsoundeffects - Forests of Norway/AMBForst_Morning Small Birch Forest Willow Warbler Singing Many Insects Humming_JSE_FoN_Quad.wav	220.77	96000	4			Sonniss-GDC-royalty-free
ambience-nature	Sonniss.com-GDC2024-GameAudioBundle2of9	Justsoundeffects - Forests of Norway	Justsoundeffects - Forests of Norway/BIRDMisc_Green Woodpeckers Calling On Lakeshore Far Away_JSE_FoN.wav	34.17	96000	1			Sonniss-GDC-royalty-free
ambience-nature	Sonniss.com-GDC2024-GameAudioBundle2of9	Justsoundeffects - Forests of Norway	Justsoundeffects - Forests of Norway/RAINVege_Rain Mixed Forest Dropping On Leaves And Gravel Path_JSE_FoN_Quad.wav	74.76	96000	4			Sonniss-GDC-royalty-free
ambience-nature	Sonniss.com-GDC2024-GameAudioBundle2of9	Justsoundeffects - Forests of Norway	Justsoundeffects - Forests of Norway/WINDVege_Mixed Forest Wind Blowing Through Birches Beeches And Spruces Tree Trunk Squeaking_JSE_FoN_Quad.wav	140.30	96000	4			Sonniss-GDC-royalty-free
ambience-nature	Sonniss.com-GDC2024-GameAudioBundle2of9	Justsoundeffects - Water in Motion	Justsoundeffects - Water in Motion/WATRDrip_Dripping Water On Metal Pot Lid_JSE_WIM_Mono.wav	26.92	96000	1	-4.7	67,312,540,754,956,1162,1376,1572,1731,2349,2587,5203,5369,7421,7646,7844,8060,8279,8700,8911,9078,9317,9677,9865	Sonniss-GDC-royalty-free
ambience-nature	Sonniss.com-GDC2024-GameAudioBundle2of9	Justsoundeffects - Water in Motion	Justsoundeffects - Water in Motion/WATRFizz_Fizzing Effervescent Tablets 03_JSE_WIM_Mono.wav	35.77	96000	1			Sonniss-GDC-royalty-free
ambience-nature	Sonniss.com-GDC2024-GameAudioBundle2of9	Justsoundeffects - Water in Motion	Justsoundeffects - Water in Motion/WATRMvmt_Soft Movement 01_JSE_WIM.wav	35.55	96000	2			Sonniss-GDC-royalty-free
ambience-nature	Sonniss.com-GDC2024-GameAudioBundle2of9	Justsoundeffects - Water in Motion	Justsoundeffects - Water in Motion/WATRUndwtr_Evolving Underwater Bubbles_JSE_WIM.wav	70.42	96000	2			Sonniss-GDC-royalty-free
ambience-nature	Sonniss.com-GDC2024-GameAudioBundle2of9	Nick McMahan - Cascadia Flowing Water	Nick McMahan - Cascadia Flowing Water/WATRFlow_Brook Full Large Olympic Alpine Loop_Cascadia FW.wav	198.92	96000	2			Sonniss-GDC-royalty-free
ambience-nature	Sonniss.com-GDC2024-GameAudioBundle2of9	Nick McMahan - Cascadia Flowing Water	Nick McMahan - Cascadia Flowing Water/WATRFlow_Creek Rocky Distant Falls Loop_Cascadia FW.wav	253.59	96000	2			Sonniss-GDC-royalty-free
ambience-nature	Sonniss.com-GDC2024-GameAudioBundle2of9	Nick McMahan - Cascadia Flowing Water	Nick McMahan - Cascadia Flowing Water/WATRFlow_Stream Small Alpine Loop_Cascadia FW.wav	269.64	96000	2			Sonniss-GDC-royalty-free
ambience-nature	Sonniss.com-GDC2024-GameAudioBundle2of9	Nick McMahan - Cascadia Shore Waves	Nick McMahan - Cascadia Shore Waves/WATRLap_Lake Small Sandy Beach Loop_Cascadia Shore Waves.wav	191.83	48000	2			Sonniss-GDC-royalty-free
ambience-nature	Sonniss.com-GDC2024-GameAudioBundle2of9	Nick McMahan - Cascadia Shore Waves	Nick McMahan - Cascadia Shore Waves/WATRSurf_Ocean Hydrophone In Sand Large Near Single 01 _Cascadia Shore Waves.wav	36.25	96000	1			Sonniss-GDC-royalty-free
ambience-nature	Sonniss.com-GDC2024-GameAudioBundle2of9	Nick McMahan - Cascadia Shore Waves	Nick McMahan - Cascadia Shore Waves/WATRSurf_Ocean Medium to Large Rocks 02 Loop_Cascadia Shore Waves.wav	208.50	96000	2			Sonniss-GDC-royalty-free
cinematic	Sonniss.com-GDC2024-GameAudioBundle1of9	InMotionAudio - GEODRONE	InMotionAudio - GEODRONE/DSGNDron_Geofon05_InMotionAudio_GEODRONE.wav	199.05	96000	2			Sonniss-GDC-royalty-free
cinematic	Sonniss.com-GDC2024-GameAudioBundle1of9	InMotionAudio - GEODRONE	InMotionAudio - GEODRONE/DSGNDron_Geofon17_InMotionAudio_GEODRONE.wav	39.19	96000	2			Sonniss-GDC-royalty-free
cinematic	Sonniss.com-GDC2024-GameAudioBundle1of9	InMotionAudio - GEODRONE	InMotionAudio - GEODRONE/DSGNDron_Geofon24_InMotionAudio_GEODRONE.wav	13.63	96000	2	-0.3	0	Sonniss-GDC-royalty-free
cinematic	Sonniss.com-GDC2024-GameAudioBundle1of9	InMotionAudio - Sinister Textures 1	InMotionAudio - Sinister Textures 1/DSGNErie_EerieBoilerRoom06_InMotionAudio_Sinister Textures Volume 1.wav	87.33	96000	2			Sonniss-GDC-royalty-free
cinematic	Sonniss.com-GDC2024-GameAudioBundle1of9	InMotionAudio - Sinister Textures 1	InMotionAudio - Sinister Textures 1/DSGNErie_EerieSubway01_InMotionAudio_Sinister Textures Volume 1.wav	136.33	96000	2			Sonniss-GDC-royalty-free
cinematic	Sonniss.com-GDC2024-GameAudioBundle1of9	InMotionAudio - Sinister Textures 2	InMotionAudio - Sinister Textures 2/DSGNErie_Eerie02_InMotionAudio_SinisterTexturesVolume2.wav	63.83	96000	2			Sonniss-GDC-royalty-free
cinematic	Sonniss.com-GDC2024-GameAudioBundle1of9	InMotionAudio - Sinister Textures 2	InMotionAudio - Sinister Textures 2/DSGNErie_Eerie06_InMotionAudio_SinisterTexturesVolume2.wav	62.12	96000	2			Sonniss-GDC-royalty-free
cinematic	Sonniss.com-GDC2024-GameAudioBundle1of9	InMotionAudio - Sinister Textures 2	InMotionAudio - Sinister Textures 2/DSGNErie_Eerie23_InMotionAudio_SinisterTexturesVolume2.wav	150.00	96000	2			Sonniss-GDC-royalty-free
cinematic	Sonniss.com-GDC2024-GameAudioBundle1of9	InMotionAudio - Sinister Textures 3	InMotionAudio - Sinister Textures 3/CLOCKTick_Clock53_InMotionAudio_SinisterTextures3.wav	10.47	96000	2	-1.7	0,597,935	Sonniss-GDC-royalty-free
cinematic	Sonniss.com-GDC2024-GameAudioBundle1of9	InMotionAudio - Sinister Textures 3	InMotionAudio - Sinister Textures 3/CLOCKTick_ClockMultiReverb11_InMotionAudio_SinisterTextures3.wav	18.85	96000	2	-1.7	0,1204,2404,3604,4448,4804,5782,6004,7204,8404,9321,9604	Sonniss-GDC-royalty-free
cinematic	Sonniss.com-GDC2024-GameAudioBundle1of9	InMotionAudio - Sinister Textures 3	InMotionAudio - Sinister Textures 3/CLOCKTick_ClockMultiReverse51_InMotionAudio_SinisterTextures3.wav	18.34	96000	2	-2.8	7600,7721,7842,7999,8084,8921,9042,9199,9284,10121,10242,10399,10484,11321,11442,11599,11684,12521,12642,12799,12884,13721,13842,13999	Sonniss-GDC-royalty-free
cinematic	Sonniss.com-GDC2024-GameAudioBundle1of9	InMotionAudio - Sinister Textures 3	InMotionAudio - Sinister Textures 3/CLOCKTick_ClockMultiReverseReverb58_InMotionAudio_SinisterTextures3.wav	19.94	96000	2	-0.3	161,1331,2532,4943,6061,7206,7334,8506,9721,10860	Sonniss-GDC-royalty-free
cinematic	Sonniss.com-GDC2024-GameAudioBundle2of9	Jake Fielding - Haunted Metal Vol.2 - Cinematic Creaks & Risers	Jake Fielding - Haunted Metal Vol.2 - Cinematic Creaks & Risers/DSGNRise_Cinematic Metallic Riser, Trailer, Designed Eerie Wail_JF_Haunted Metal Vol 2_02.wav	21.53	96000	2	-4.1	2177,2611,2700,2780,3026	Sonniss-GDC-royalty-free
cinematic	Sonniss.com-GDC2024-GameAudioBundle2of9	Jake Fielding - Haunted Metal Vol.2 - Cinematic Creaks & Risers	Jake Fielding - Haunted Metal Vol.2 - Cinematic Creaks & Risers/DSGNRise_Cinematic Metallic Riser, Trailer, Designed Groan_JF_Haunted Metal Vol 2_08.wav	9.60	96000	2	-0.7	1747	Sonniss-GDC-royalty-free
cinematic	Sonniss.com-GDC2024-GameAudioBundle2of9	Jake Fielding - Haunted Metal Vol.2 - Cinematic Creaks & Risers	Jake Fielding - Haunted Metal Vol.2 - Cinematic Creaks & Risers/DSGNRise_Cinematic Metallic Riser, Trailer, Designed,_JF_Haunted Metal Vol 2_39.wav	12.37	96000	2	-1.9	2139,2579,7623	Sonniss-GDC-royalty-free
cinematic	Sonniss.com-GDC2024-GameAudioBundle2of9	Jake Fielding - Haunted Metal Vol.2 - Cinematic Creaks & Risers	Jake Fielding - Haunted Metal Vol.2 - Cinematic Creaks & Risers/DSGNRise_Cinematic Metallic Riser, Trailer, Designed,_JF_Haunted Metal Vol 2_67.wav	22.70	96000	2	0.0	3747,15781,15935	Sonniss-GDC-royalty-free
cinematic	Sonniss.com-GDC2024-GameAudioBundle2of9	Jake Fielding - Haunted Metal Vol.3 - Cinematic Tones & Textures	Jake Fielding - Haunted Metal Vol.3 - Cinematic Tones & Textures/DSGNDron_Tense Metallic Tone, Cinematic, Eerie, Wail,_JF_Haunted Metal Vol 3_26.wav	12.37	96000	2	-0.4	2325,2507,2615	Sonniss-GDC-royalty-free
cinematic	Sonniss.com-GDC2024-GameAudioBundle2of9	Jake Fielding - Haunted Metal Vol.3 - Cinematic Tones & Textures	Jake Fielding - Haunted Metal Vol.3 - Cinematic Tones & Textures/DSGNRise_Deep Metallic Rattle, Tense, Epic_JF_Haunted Metal Vol 3_07.wav	17.86	96000	2	-3.5	471,11320,11586,11783,12122,12187,12808,13103	Sonniss-GDC-royalty-free
cinematic	Sonniss.com-GDC2024-GameAudioBundle2of9	Jake Fielding - Haunted Metal Vol.3 - Cinematic Tones & Textures	Jake Fielding - Haunted Metal Vol.3 - Cinematic Tones & Textures/DSGNRise_Tense Metallic Creaky Hits, Groan_JF_Haunted Metal Vol 3_14.wav	17.50	96000	2	-2.1	273,10126	Sonniss-GDC-royalty-free
cinematic	Sonniss.com-GDC2024-GameAudioBundle2of9	Jake Fielding - Haunted Metal Vol.3 - Cinematic Tones & Textures	Jake Fielding - Haunted Metal Vol.3 - Cinematic Tones & Textures/DSGNTonl_Deep Metallic Hits, Epic, Sub, Bass_JF_Haunted Metal Vol 3_12.wav	14.51	96000	2	-0.3	1023,1140,5756,11022	Sonniss-GDC-royalty-free
cinematic	Sonniss.com-GDC2024-GameAudioBundle2of9	Orbital Emitter - Cinematic Transitions for Editors Volume 2	Orbital Emitter - Cinematic Transitions for Editors Volume 2/08,DragonReveal - dramatic and recap.wav	11.06	96000	2	-5.5	138,5883	Sonniss-GDC-royalty-free
cinematic	Sonniss.com-GDC2024-GameAudioBundle2of9	Orbital Emitter - Cinematic Transitions for Editors Volume 2	Orbital Emitter - Cinematic Transitions for Editors Volume 2/112,StringsSectionRiser.wav	10.07	96000	2	-4.8	130	Sonniss-GDC-royalty-free
cinematic	Sonniss.com-GDC2024-GameAudioBundle2of9	Orbital Emitter - Cinematic Transitions for Editors Volume 2	Orbital Emitter - Cinematic Transitions for Editors Volume 2/27,Searing.wav	6.01	96000	2	-5.3	0,3580,3677	Sonniss-GDC-royalty-free
cinematic	Sonniss.com-GDC2024-GameAudioBundle2of9	Orbital Emitter - Cinematic Transitions for Editors Volume 2	Orbital Emitter - Cinematic Transitions for Editors Volume 2/80,TheGong.wav	6.52	96000	2	-5.6	122	Sonniss-GDC-royalty-free
combat	Sonniss.com-GDC2024-GameAudioBundle1of9	BluezoneCorp - Modern Cinematic Impact	BluezoneCorp - Modern Cinematic Impact/Bluezone_BC0294_modern_cinematic_impact_022.wav	6.60	96000	2	-0.2	0,6232	Sonniss-GDC-royalty-free
combat	Sonniss.com-GDC2024-GameAudioBundle1of9	BluezoneCorp - Modern Cinematic Impact	BluezoneCorp - Modern Cinematic Impact/Bluezone_BC0294_modern_cinematic_impact_boom_003.wav	5.00	96000	2	-0.2	0,4596	Sonniss-GDC-royalty-free
combat	Sonniss.com-GDC2024-GameAudioBundle1of9	BluezoneCorp - Modern Cinematic Impact	BluezoneCorp - Modern Cinematic Impact/Bluezone_BC0294_modern_cinematic_impact_percussion_009.wav	2.00	96000	2	-0.2	0,1439	Sonniss-GDC-royalty-free
combat	Sonniss.com-GDC2024-GameAudioBundle1of9	BluezoneCorp - Stone Impact	BluezoneCorp - Stone Impact/Bluezone_BC0297_stone_impact_015.wav	1.60	96000	2	-0.2	0,1068,1162	Sonniss-GDC-royalty-free
combat	Sonniss.com-GDC2024-GameAudioBundle1of9	BluezoneCorp - Stone Impact	BluezoneCorp - Stone Impact/Bluezone_BC0297_stone_impact_041.wav	2.00	96000	2	-0.2	0,1416	Sonniss-GDC-royalty-free
combat	Sonniss.com-GDC2024-GameAudioBundle1of9	BluezoneCorp - Stone Impact	BluezoneCorp - Stone Impact/Bluezone_BC0297_stone_impact_hammer_015.wav	0.70	96000	2	-0.2	0,463	Sonniss-GDC-royalty-free
combat	Sonniss.com-GDC2024-GameAudioBundle1of9	BluezoneCorp - Stone Impact	BluezoneCorp - Stone Impact/Bluezone_BC0297_stone_impact_steel_bar_01_010.wav	0.80	96000	2	-0.2	0	Sonniss-GDC-royalty-free
combat	Sonniss.com-GDC2024-GameAudioBundle1of9	Doex Studio - 90s Anime SFX Pack	Doex Studio - 90s Anime SFX Pack/Comedic_006.wav	7.28	96000	2	-9.0	0,607,1997,2567,3997,4567,5957,6527	Sonniss-GDC-royalty-free
combat	Sonniss.com-GDC2024-GameAudioBundle1of9	Doex Studio - 90s Anime SFX Pack	Doex Studio - 90s Anime SFX Pack/Laser_Beam_004.wav	8.39	96000	2	0.0	0,2797,5592	Sonniss-GDC-royalty-free
combat	Sonniss.com-GDC2024-GameAudioBundle1of9	Doex Studio - 90s Anime SFX Pack	Doex Studio - 90s Anime SFX Pack/Noise_Punch_006.wav	2.06	96000	2	-1.4	84	Sonniss-GDC-royalty-free
combat	Sonniss.com-GDC2024-GameAudioBundle1of9	Doex Studio - 90s Anime SFX Pack	Doex Studio - 90s Anime SFX Pack/Short_PowerUp_005.wav	9.56	96000	2	-7.5	276,4327,6156,7482	Sonniss-GDC-royalty-free
combat	Sonniss.com-GDC2024-GameAudioBundle2of9	Jake Fielding - Haunted Metal Vol.1 - Cinematic Hits & Impacts	Jake Fielding - Haunted Metal Vol.1 - Cinematic Hits & Impacts/DSGNBoom_Cinematic Metallic Hit, Boom, Trailer, Sub_JF_Haunted Metal Vol 1_02.wav	9.44	96000	2	-0.3	665	Sonniss-GDC-royalty-free
combat	Sonniss.com-GDC2024-GameAudioBundle2of9	Jake Fielding - Haunted Metal Vol.1 - Cinematic Hits & Impacts	Jake Fielding - Haunted Metal Vol.1 - Cinematic Hits & Impacts/DSGNBoom_Cinematic Metallic Hit, Boom, Trailer, Sub_JF_Haunted Metal Vol 1_18.wav	12.93	96000	2	-1.2	1393,5205,5466,5529	Sonniss-GDC-royalty-free
combat	Sonniss.com-GDC2024-GameAudioBundle2of9	Jake Fielding - Haunted Metal Vol.1 - Cinematic Hits & Impacts	Jake Fielding - Haunted Metal Vol.1 - Cinematic Hits & Impacts/DSGNBoom_Cinematic Metallic Hit, Boom, Trailer, Sub_JF_Haunted Metal Vol 1_60.wav	9.04	96000	2	-2.4	0,4825,4951	Sonniss-GDC-royalty-free
combat	Sonniss.com-GDC2024-GameAudioBundle2of9	Jake Fielding - Haunted Metal Vol.1 - Cinematic Hits & Impacts	Jake Fielding - Haunted Metal Vol.1 - Cinematic Hits & Impacts/DSGNBoom_Cinematic Metallic Hit, Boom, Trailer, Sub_JF_Haunted Metal Vol 1_78.wav	11.13	96000	2	-0.3	105,266,4090,4326,4612,4699,4765,5181,5450	Sonniss-GDC-royalty-free
combat	Sonniss.com-GDC2024-GameAudioBundle2of9	Justsoundeffects - Gore Mini Pack	Justsoundeffects - Gore Mini Pack/GOREBone_Bone Breaks Celery 01_JSE_GMP.wav	18.09	96000	2	-6.0	0,150,251,394,1490,3738,4109,4288,4558,4702,5152,8321,8883,9094,11313,11470,11601,11698,14393,14453,17305	Sonniss-GDC-royalty-free
combat	Sonniss.com-GDC2024-GameAudioBundle2of9	Justsoundeffects - Gore Mini Pack	Justsoundeffects - Gore Mini Pack/GOREFlsh_Flesh Drops on Floor 03_JSE_GMP.wav	29.11	96000	2	-6.0	0,397,2251,4611,7117,9538,12450,12735,12850,12985,13672,14600,14902,16609,16780,17031,17488,17662,18119,18497,18685,18885,19018,19197	Sonniss-GDC-royalty-free
combat	Sonniss.com-GDC2024-GameAudioBundle2of9	Justsoundeffects - Gore Mini Pack	Justsoundeffects - Gore Mini Pack/GORESplt_Gore Splatter 01_JSE_GMP.wav	12.00	96000	2	-6.0	0,2416,3229,3628,4820,7227,9629,11007,11198,11318	Sonniss-GDC-royalty-free
combat	Sonniss.com-GDC2024-GameAudioBundle2of9	Justsoundeffects - Melee Weapons	Justsoundeffects - Melee Weapons/WEAPArmr_Metal Shield Block Hits_JSE_MW.wav	12.00	96000	2	-6.0	0,2435,4817,7284,9678	Sonniss-GDC-royalty-free
combat	Sonniss.com-GDC2024-GameAudioBundle2of9	Justsoundeffects - Melee Weapons	Justsoundeffects - Melee Weapons/WEAPAxe_Long Two-Handed Axe Flesh Hit_JSE_MW.wav	12.00	96000	2	-4.0	0,2452,4844,7253,7802,9651	Sonniss-GDC-royalty-free
combat	Sonniss.com-GDC2024-GameAudioBundle2of9	Justsoundeffects - Melee Weapons	Justsoundeffects - Melee Weapons/WEAPAxe_One-Handed Axe Drops_JSE_MW.wav	24.00	96000	2	-6.0	93,2493,4894,5118,7122,7289,9696,12094,14495,16764,16894,19295,21517	Sonniss-GDC-royalty-free
combat	Sonniss.com-GDC2024-GameAudioBundle2of9	Justsoundeffects - Melee Weapons	Justsoundeffects - Melee Weapons/WEAPSwrd_Weapon 03 Slow Scrapes_JSE_MW.wav	24.00	96000	2	-6.0	97,2473,4897,7254,9724,12021,14460,16908,19250,21628	Sonniss-GDC-royalty-free
combat	Sonniss.com-GDC2024-GameAudioBundle2of9	Mechanical Wave - Cinematic Feel	Mechanical Wave - Cinematic Feel/DSGNBoom_Cinematic Hit_MWSFX_CF 05.wav	8.12	96000	2	-3.7	100,4762	Sonniss-GDC-royalty-free
combat	Sonniss.com-GDC2024-GameAudioBundle2of9	Mechanical Wave - Cinematic Feel	Mechanical Wave - Cinematic Feel/DSGNBram_Cinematic Horn_MWSFX_CF 05.wav	7.31	96000	2	-4.9	239	Sonniss-GDC-royalty-free
combat	Sonniss.com-GDC2024-GameAudioBundle2of9	Mechanical Wave - Cinematic Feel	Mechanical Wave - Cinematic Feel/DSGNMisc_Gore Downshifter_MWSFX_CF 01.wav	7.30	96000	2	-1.0	122,4956,5064	Sonniss-GDC-royalty-free
combat	Sonniss.com-GDC2024-GameAudioBundle2of9	Mechanical Wave - Cinematic Feel	Mechanical Wave - Cinematic Feel/WHSH_Sci-Fi Heavy Whoosh_MWSFX_CF 29.wav	6.31	96000	2	-1.8	146,5872	Sonniss-GDC-royalty-free
combat	Sonniss.com-GDC2024-GameAudioBundle2of9	Mechanical Wave - Glass	Mechanical Wave - Glass/GLASBrk_Glass Break Hit_04_MWSFX_GL.wav	1.16	96000	2	-1.5	99,922	Sonniss-GDC-royalty-free
combat	Sonniss.com-GDC2024-GameAudioBundle2of9	Mechanical Wave - Glass	Mechanical Wave - Glass/GLASMisc_Glass Bottle Open_01_MWSFX_GL.wav	5.30	96000	2	-1.0	224,1304,1367,2193,2294,2894,3149,3880,4701	Sonniss-GDC-royalty-free
combat	Sonniss.com-GDC2024-GameAudioBundle2of9	Mechanical Wave - Glass	Mechanical Wave - Glass/GLASMisc_Reverse Glass Effect_04_MWSFX_GL.wav	3.33	96000	2	-2.8	0,101,300,1190	Sonniss-GDC-royalty-free
combat	Sonniss.com-GDC2024-GameAudioBundle2of9	Mechanical Wave - Glass	Mechanical Wave - Glass/GLASTonl_Dark Tone Thrill_07_MWSFX_GL.wav	4.07	96000	2	-4.3	0,2183	Sonniss-GDC-royalty-free
combat	Sonniss.com-GDC2024-GameAudioBundle2of9	Mechanical Wave - Torturing Metal	Mechanical Wave - Torturing Metal/METLCrsh_Drop Fall Metal Rattle Scrap Debris_06_MWSFX_TM.wav	0.75	96000	2	-0.9	0	Sonniss-GDC-royalty-free
combat	Sonniss.com-GDC2024-GameAudioBundle2of9	Mechanical Wave - Torturing Metal	Mechanical Wave - Torturing Metal/METLFric_Screeching Metal Rub-11_MWSFX_TM.wav	3.27	96000	2	-3.8	104,404,2785	Sonniss-GDC-royalty-free
combat	Sonniss.com-GDC2024-GameAudioBundle2of9	Mechanical Wave - Torturing Metal	Mechanical Wave - Torturing Metal/METLImpt_Metal Impact-03_MWSFX_TM.wav	1.46	96000	2	-0.6	75	Sonniss-GDC-royalty-free
combat	Sonniss.com-GDC2024-GameAudioBundle2of9	Mechanical Wave - Torturing Metal	Mechanical Wave - Torturing Metal/METLTonl_Reversed Metal-28_MWSFX_TM.wav	2.79	96000	2	-1.0	743	Sonniss-GDC-royalty-free
destruction	Sonniss.com-GDC2024-GameAudioBundle1of9	BluezoneCorp - Alien Tripod	BluezoneCorp - Alien Tripod/Bluezone_BC0292_alien_tripod_debris_glass_falling_003.wav	1.50	96000	2	-0.2	0	Sonniss-GDC-royalty-free
destruction	Sonniss.com-GDC2024-GameAudioBundle1of9	BluezoneCorp - Alien Tripod	BluezoneCorp - Alien Tripod/Bluezone_BC0292_alien_tripod_debris_rock_collapse_earthquake_rumble_large_005.wav	5.71	96000	2	-0.2	0	Sonniss-GDC-royalty-free
destruction	Sonniss.com-GDC2024-GameAudioBundle1of9	BluezoneCorp - Alien Tripod	BluezoneCorp - Alien Tripod/Bluezone_BC0292_alien_tripod_pneumatic_chemical_weapon_black_smoke_001.wav	6.43	96000	2	-0.2	0,5207	Sonniss-GDC-royalty-free
destruction	Sonniss.com-GDC2024-GameAudioBundle1of9	BluezoneCorp - Alien Tripod	BluezoneCorp - Alien Tripod/Bluezone_BC0292_alien_tripod_texture_organic_liquid_005.wav	14.00	96000	2	-0.2	0,7886,7981,8119,8217,8362,8452,8554,8631,8881,8947,9089,9350,9871,10093,10481,10730,11097,11230,11302,12217,12759,12856,13040	Sonniss-GDC-royalty-free
destruction	Sonniss.com-GDC2024-GameAudioBundle1of9	DavidDumais - Explosion SFX Pack	DavidDumais - Explosion SFX Pack/DESTRCrsh_Designed Car Explosion With Metal Breaking And Glass Shattering  06_DDUMAIS_NONE.wav	5.14	96000	2	-1.0	0	Sonniss-GDC-royalty-free
destruction	Sonniss.com-GDC2024-GameAudioBundle1of9	DavidDumais - Explosion SFX Pack	DavidDumais - Explosion SFX Pack/EXPLDsgn_Nuclear Explosion 07_DDUMAIS_NONE.wav	12.76	96000	2	-3.4	0	Sonniss-GDC-royalty-free
destruction	Sonniss.com-GDC2024-GameAudioBundle1of9	DavidDumais - Explosion SFX Pack	DavidDumais - Explosion SFX Pack/EXPLReal_Medium Realistic Explosion 15_DDUMAIS_NONE.wav	2.36	96000	2	-1.0	0	Sonniss-GDC-royalty-free
destruction	Sonniss.com-GDC2024-GameAudioBundle1of9	DavidDumais - Explosion SFX Pack	DavidDumais - Explosion SFX Pack/WOODCrsh_Designed Wood Crash And Debris 13_DDUMAIS_NONE.wav	1.72	96000	2	-1.0	0	Sonniss-GDC-royalty-free
destruction	Sonniss.com-GDC2024-GameAudioBundle2of9	Mechanical Wave - Lumberjack	Mechanical Wave - Lumberjack/MOTRComb_Chainsaw Working_QUAD-01_MWSFX_LJ.wav	39.60	96000	4			Sonniss-GDC-royalty-free
destruction	Sonniss.com-GDC2024-GameAudioBundle2of9	Mechanical Wave - Lumberjack	Mechanical Wave - Lumberjack/WOODBrk_Large Tree Heavy Fall-07_MWSFX_LJ.wav	11.86	96000	2	-0.3	0,373,10370,10680,10766,11126	Sonniss-GDC-royalty-free
destruction	Sonniss.com-GDC2024-GameAudioBundle2of9	Mechanical Wave - Lumberjack	Mechanical Wave - Lumberjack/WOODBrk_Tree Crack and Fall-13_MWSFX_TJ.wav	4.61	96000	2	-0.5	62,4403,4527	Sonniss-GDC-royalty-free
energy	Sonniss.com-GDC2024-GameAudioBundle1of9	BluezoneCorp - Designed Water	BluezoneCorp - Designed Water/Bluezone_BC0298_designed_water_impact_006.wav	3.30	96000	2	-0.2	0	Sonniss-GDC-royalty-free
energy	Sonniss.com-GDC2024-GameAudioBundle1of9	BluezoneCorp - Designed Water	BluezoneCorp - Designed Water/Bluezone_BC0298_designed_water_texture_014.wav	1.97	96000	2	-0.2	0	Sonniss-GDC-royalty-free
energy	Sonniss.com-GDC2024-GameAudioBundle1of9	BluezoneCorp - Designed Water	BluezoneCorp - Designed Water/Bluezone_BC0298_designed_water_transition_impact_017.wav	3.70	96000	2	-0.2	117,237,346,502,2807	Sonniss-GDC-royalty-free
energy	Sonniss.com-GDC2024-GameAudioBundle1of9	BluezoneCorp - Designed Water	BluezoneCorp - Designed Water/Bluezone_BC0298_designed_water_underwater_005.wav	4.60	96000	2	-0.2	334,562,969,1080	Sonniss-GDC-royalty-free
energy	Sonniss.com-GDC2024-GameAudioBundle1of9	BluezoneCorp - High Voltage	BluezoneCorp - High Voltage/Bluezone_BC0299_electricity_electronic_lighter_button_click_on_off_002_02.wav	1.75	96000	2	-0.2	0	Sonniss-GDC-royalty-free
energy	Sonniss.com-GDC2024-GameAudioBundle1of9	BluezoneCorp - High Voltage	BluezoneCorp - High Voltage/Bluezone_BC0299_electricity_surge_discharge_electrical_arc_crackling_002_01.wav	3.52	96000	2	-0.2	0	Sonniss-GDC-royalty-free
energy	Sonniss.com-GDC2024-GameAudioBundle1of9	BluezoneCorp - High Voltage	BluezoneCorp - High Voltage/Bluezone_BC0299_electricity_texture_sizzling_crackling_006.wav	2.82	96000	2	-0.2	0,132,786,1747,2520	Sonniss-GDC-royalty-free
energy	Sonniss.com-GDC2024-GameAudioBundle1of9	BluezoneCorp - High Voltage	BluezoneCorp - High Voltage/Bluezone_BC0299_electricity_transformer_hum_low_003.wav	36.00	96000	2			Sonniss-GDC-royalty-free
energy	Sonniss.com-GDC2024-GameAudioBundle1of9	BluezoneCorp - Sci Fi Weapon	BluezoneCorp - Sci Fi Weapon/Bluezone_BC0295_sci_fi_weapon_cannon_shot_002.wav	1.05	96000	2	-0.2	0,952	Sonniss-GDC-royalty-free
energy	Sonniss.com-GDC2024-GameAudioBundle1of9	BluezoneCorp - Sci Fi Weapon	BluezoneCorp - Sci Fi Weapon/Bluezone_BC0295_sci_fi_weapon_gun_shot_008.wav	1.00	96000	2	-0.2	0	Sonniss-GDC-royalty-free
energy	Sonniss.com-GDC2024-GameAudioBundle1of9	BluezoneCorp - Sci Fi Weapon	BluezoneCorp - Sci Fi Weapon/Bluezone_BC0295_sci_fi_weapon_texture_007.wav	0.70	96000	2	-0.2	0,545	Sonniss-GDC-royalty-free
energy	Sonniss.com-GDC2024-GameAudioBundle1of9	BluezoneCorp - Steampunk Weapon And Textures	BluezoneCorp - Steampunk Weapon And Textures/Bluezone_BC0296_steampunk_weapon_cannon_shot_013_02.wav	4.44	96000	2	-0.2	0	Sonniss-GDC-royalty-free
energy	Sonniss.com-GDC2024-GameAudioBundle1of9	BluezoneCorp - Steampunk Weapon And Textures	BluezoneCorp - Steampunk Weapon And Textures/Bluezone_BC0296_steampunk_weapon_flare_shot_explosion_003.wav	2.30	96000	2	-0.2	0,874	Sonniss-GDC-royalty-free
energy	Sonniss.com-GDC2024-GameAudioBundle1of9	BluezoneCorp - Steampunk Weapon And Textures	BluezoneCorp - Steampunk Weapon And Textures/Bluezone_BC0296_steampunk_weapon_gun_shot_026_02.wav	1.99	96000	2	-0.2	0	Sonniss-GDC-royalty-free
energy	Sonniss.com-GDC2024-GameAudioBundle1of9	BluezoneCorp - Steampunk Weapon And Textures	BluezoneCorp - Steampunk Weapon And Textures/Bluezone_BC0296_steampunk_weapon_mechanism_texture_007.wav	0.29	96000	2	-0.2	0	Sonniss-GDC-royalty-free
energy	Sonniss.com-GDC2024-GameAudioBundle1of9	Bolt - ARP 2600- Droids, Blips, Drones & more	Bolt - ARP 2600- Droids, Blips, Drones & more/DSGNBass_Crunchy Bass Dive Dissonant_BOLT_ARP2600.wav	9.10	192000	2	-8.6	0,4350,6681	Sonniss-GDC-royalty-free
energy	Sonniss.com-GDC2024-GameAudioBundle1of9	Bolt - ARP 2600- Droids, Blips, Drones & more	Bolt - ARP 2600- Droids, Blips, Drones & more/MECHMisc_TRS Cable Plug In Solid Metal Thump_BOLT_ARP2600.wav	3.58	192000	2	-2.0	0,520,1146,1439,1665,2020,2486,2568,2723,2876,3201,3372	Sonniss-GDC-royalty-free
energy	Sonniss.com-GDC2024-GameAudioBundle1of9	Bolt - ARP 2600- Droids, Blips, Drones & more	Bolt - ARP 2600- Droids, Blips, Drones & more/ROBTVox_Android Talking Wah Goofy 01_BOLT_ARP2600.wav	5.18	96000	1	-5.2	195,1006,1334,2234,2439,2767,3213,4443	Sonniss-GDC-royalty-free
energy	Sonniss.com-GDC2024-GameAudioBundle1of9	Bolt - ARP 2600- Droids, Blips, Drones & more	Bolt - ARP 2600- Droids, Blips, Drones & more/SCICmpt_Retro Computer Glitches Sawtooth Chaotic_BOLT_ARP2600.wav	36.77	192000	1			Sonniss-GDC-royalty-free
energy	Sonniss.com-GDC2024-GameAudioBundle1of9	Chupapsound - Essential Scifi	Chupapsound - Essential Scifi/DSGN VORTEX IN.wav	5.50	48000	2	-22.0	0	Sonniss-GDC-royalty-free
energy	Sonniss.com-GDC2024-GameAudioBundle1of9	Chupapsound - Essential Scifi	Chupapsound - Essential Scifi/GRWL ROAR ANGRY.wav	3.59	48000	2	-1.2	61	Sonniss-GDC-royalty-free
energy	Sonniss.com-GDC2024-GameAudioBundle1of9	Chupapsound - Essential Scifi	Chupapsound - Essential Scifi/SPACESHIP PASS BY 9.wav	5.34	48000	2	-8.9	0	Sonniss-GDC-royalty-free
energy	Sonniss.com-GDC2024-GameAudioBundle1of9	Chupapsound - Essential Scifi	Chupapsound - Essential Scifi/WHOOSH PASS SF LOW.wav	3.79	48000	1	-10.7	468	Sonniss-GDC-royalty-free
energy	Sonniss.com-GDC2024-GameAudioBundle1of9	InMotionAudio - Electromagnesis	InMotionAudio - Electromagnesis/ELECEmf_Electromagnetic05_InMotionAudio_Electromagnesis Samples Volume 1.wav	26.72	96000	2	-1.0	0	Sonniss-GDC-royalty-free
energy	Sonniss.com-GDC2024-GameAudioBundle1of9	InMotionAudio - Electromagnesis	InMotionAudio - Electromagnesis/ELECEmf_Electromagnetic32_InMotionAudio_Electromagnesis Samples Volume 1 .wav	24.97	96000	2	-4.3	0,5758,8278,14076,22232,22746,22935,23111,23501,23867,24313,24421,24583,24772,24880	Sonniss-GDC-royalty-free
energy	Sonniss.com-GDC2024-GameAudioBundle1of9	InMotionAudio - Electromagnesis	InMotionAudio - Electromagnesis/ELECEmf_Electromagnetic59_InMotionAudio_Electromagnesis Samples Volume 1.wav	10.05	96000	2	-6.6	0	Sonniss-GDC-royalty-free
energy	Sonniss.com-GDC2024-GameAudioBundle1of9	InMotionAudio - Electromagnesis	InMotionAudio - Electromagnesis/ELECEmf_Electromagnetic66_InMotionAudio_Electromagnesis Samples Volume 1.wav	7.39	96000	2	-1.6	0	Sonniss-GDC-royalty-free
foley	Sonniss.com-GDC2024-GameAudioBundle1of9	Eiravaein Works - Flask	Eiravaein Works - Flask/OBJCont_Flask,aluminum,canteen,medium,feltcover,leatherbanding,aluminumrealcork,liquid,grab,squeeze,slosh_EWKR.wav	2.27	96000	1	-14.3	87,257,743,855,978,1062,1283	Sonniss-GDC-royalty-free
foley	Sonniss.com-GDC2024-GameAudioBundle1of9	Eiravaein Works - Flask	Eiravaein Works - Flask/OBJCont_Flask,glass,figuredbottle,realcork,liquid,remove,squeak,slosh,alt4_EWKR.wav	1.58	96000	1	-4.4	89	Sonniss-GDC-royalty-free
foley	Sonniss.com-GDC2024-GameAudioBundle1of9	Eiravaein Works - Flask	Eiravaein Works - Flask/OBJCont_Flask,gourd,oblong,medium,plasticsiliconecork,liquid,replace,alt6_EWKR.wav	2.12	96000	1	-4.5	152	Sonniss-GDC-royalty-free
foley	Sonniss.com-GDC2024-GameAudioBundle1of9	Eiravaein Works - Flask	Eiravaein Works - Flask/OBJCont_Flask,wood,canteen,medium,clothstrap,metalbanding,woodcork,liquid,shaking,sloshing_EWKR.wav	3.13	96000	1	-18.4	146,220,574,878,1012,1531,1708,2425	Sonniss-GDC-royalty-free
foley	Sonniss.com-GDC2024-GameAudioBundle1of9	InMotionAudio - Mask Foley	InMotionAudio - Mask Foley/FOLYMisc_3MMask_Movement04_InMotionAudio_MaskFoley.wav	5.19	96000	2	-5.4	0,580,730,1303,2277,2491,2595,3459,3614,3809,4137,4282,4433,4688	Sonniss-GDC-royalty-free
foley	Sonniss.com-GDC2024-GameAudioBundle1of9	InMotionAudio - Mask Foley	InMotionAudio - Mask Foley/FOLYMisc_BluePPEMask_Elastic09_InMotionAudio_MaskFoley.wav	1.29	96000	2	-0.3	0,192,470,533,1110	Sonniss-GDC-royalty-free
foley	Sonniss.com-GDC2024-GameAudioBundle1of9	InMotionAudio - Mask Foley	InMotionAudio - Mask Foley/FOLYMisc_FabricMask_Movement06_InMotionAudio_MaskFoley.wav	4.86	96000	2	-14.4	0,862,1237	Sonniss-GDC-royalty-free
foley	Sonniss.com-GDC2024-GameAudioBundle1of9	InMotionAudio - Mask Foley	InMotionAudio - Mask Foley/FOLYMisc_PlasticFaceShield_Movement04_InMotionAudio_MaskFoley.wav	8.10	96000	2	-0.3	435,753,953,1544,1789,2116,2192,2340,2716,2975,3731,4187,4684,4835,5431,5707,5849,6561,7290,7361	Sonniss-GDC-royalty-free
foley	Sonniss.com-GDC2024-GameAudioBundle2of9	InMotionAudio - Torn T-Shirt	InMotionAudio - Torn T-Shirt/CLOTHRip_CottonRips13_InMotionAudio_TornTShirt.wav	0.36	96000	2	-3.5	68	Sonniss-GDC-royalty-free
foley	Sonniss.com-GDC2024-GameAudioBundle2of9	InMotionAudio - Torn T-Shirt	InMotionAudio - Torn T-Shirt/CLOTHRip_CottonRips44_InMotionAudio_TornTShirt.wav	0.85	96000	2	-1.9	0	Sonniss-GDC-royalty-free
foley	Sonniss.com-GDC2024-GameAudioBundle2of9	InMotionAudio - Torn T-Shirt	InMotionAudio - Torn T-Shirt/CLOTHRip_CottonRips74_InMotionAudio_TornTShirt.wav	1.75	96000	2	-1.0	0,174,465,831,1126,1465	Sonniss-GDC-royalty-free
foley	Sonniss.com-GDC2024-GameAudioBundle2of9	InMotionAudio - Torn T-Shirt	InMotionAudio - Torn T-Shirt/CLOTHRip_CottonRips92_InMotionAudio_TornTShirt.wav	4.04	96000	2	-1.0	65,449,819,1518,1715,2451,3022,3546,3810	Sonniss-GDC-royalty-free
foley	Sonniss.com-GDC2024-GameAudioBundle2of9	InMotionAudio - Wood	InMotionAudio - Wood/WOODBrk_Snap09_InMotionAudio_Wood.wav	2.07	96000	2	-0.3	119,307,572,1415,1549	Sonniss-GDC-royalty-free
foley	Sonniss.com-GDC2024-GameAudioBundle2of9	InMotionAudio - Wood	InMotionAudio - Wood/WOODFric_Scrapes09_InMotionAudio_Wood.wav	0.57	96000	2	-1.3	0	Sonniss-GDC-royalty-free
foley	Sonniss.com-GDC2024-GameAudioBundle2of9	InMotionAudio - Wood	InMotionAudio - Wood/WOODImpt_Drops20_InMotionAudio_Wood.wav	0.62	96000	2	-0.3	0,383	Sonniss-GDC-royalty-free
foley	Sonniss.com-GDC2024-GameAudioBundle2of9	InMotionAudio - Wood	InMotionAudio - Wood/WOODMvmt_FoleyMovement01_InMotionAudio_Wood.wav	3.29	96000	2	-2.8	0,817,929,1142,1318,1782,2188	Sonniss-GDC-royalty-free
foley	Sonniss.com-GDC2024-GameAudioBundle2of9	Mechanical Wave - Cardboard and Paper	Mechanical Wave - Cardboard and Paper/OBJPack_Big Cardboard Box Impact_ 02_MWSFX_CDAP.wav	0.66	96000	2	-1.0	0,295	Sonniss-GDC-royalty-free
foley	Sonniss.com-GDC2024-GameAudioBundle2of9	Mechanical Wave - Cardboard and Paper	Mechanical Wave - Cardboard and Paper/OBJPack_Big Cardboard Box Slide_ 04_MWSFX_CDAP.wav	2.45	96000	2	-10.2	0	Sonniss-GDC-royalty-free
foley	Sonniss.com-GDC2024-GameAudioBundle2of9	Mechanical Wave - Cardboard and Paper	Mechanical Wave - Cardboard and Paper/PAPRHndl_Large Book Squeak Page Turn_ 01_MWSFX_CDAP.wav	2.45	96000	2	-6.9	103,1199,1420	Sonniss-GDC-royalty-free
foley	Sonniss.com-GDC2024-GameAudioBundle2of9	Mechanical Wave - Cardboard and Paper	Mechanical Wave - Cardboard and Paper/PAPRHndl_Paper Sheet Crumple_ 04_MWSFX_CDAP.wav	3.14	96000	2	-1.5	75	Sonniss-GDC-royalty-free
foley	Sonniss.com-GDC2024-GameAudioBundle2of9	Mechanical Wave - Sound Effects Collection	Mechanical Wave - Sound Effects Collection/ANMLCat_Cat Moew_ 03_MWSFX_SEC.wav	3.50	96000	2	-8.3	110,1192,1375,2264	Sonniss-GDC-royalty-free
foley	Sonniss.com-GDC2024-GameAudioBundle2of9	Mechanical Wave - Sound Effects Collection	Mechanical Wave - Sound Effects Collection/BELLHand_Metallic Bell_ 22_MWSFX_SEC.wav	6.91	96000	2	-1.8	0,897	Sonniss-GDC-royalty-free
foley	Sonniss.com-GDC2024-GameAudioBundle2of9	Mechanical Wave - Sound Effects Collection	Mechanical Wave - Sound Effects Collection/ICEMisc_Ice Sizzle_05_MWSFX_SEC.wav	8.79	96000	2	-1.0	86,8558	Sonniss-GDC-royalty-free
foley	Sonniss.com-GDC2024-GameAudioBundle2of9	Mechanical Wave - Sound Effects Collection	Mechanical Wave - Sound Effects Collection/TOOLHand_Shears Slide Open Close_ 01_MWSFX_SEC.wav	1.68	96000	2	-1.0	85,537,1024,1367	Sonniss-GDC-royalty-free
mechanisms	Sonniss.com-GDC2024-GameAudioBundle1of9	BluezoneCorp - Industrial Lever Switch	BluezoneCorp - Industrial Lever Switch/Bluezone_BC0302_industrial_lever_switch_014.wav	1.62	96000	2	-0.2	122	Sonniss-GDC-royalty-free
mechanisms	Sonniss.com-GDC2024-GameAudioBundle1of9	BluezoneCorp - Industrial Lever Switch	BluezoneCorp - Industrial Lever Switch/Bluezone_BC0302_industrial_lever_switch_039.wav	1.25	96000	2	-0.2	0,1038	Sonniss-GDC-royalty-free
mechanisms	Sonniss.com-GDC2024-GameAudioBundle1of9	BluezoneCorp - Industrial Lever Switch	BluezoneCorp - Industrial Lever Switch/Bluezone_BC0302_industrial_lever_switch_small_003.wav	0.38	96000	2	-0.2	0,313	Sonniss-GDC-royalty-free
mechanisms	Sonniss.com-GDC2024-GameAudioBundle1of9	BluezoneCorp - Steampunk Machines	BluezoneCorp - Steampunk Machines/Bluezone_BC0305_steampunk_machine_mechanical_sequence_start_stop_025.wav	3.55	96000	2	-0.2	0	Sonniss-GDC-royalty-free
mechanisms	Sonniss.com-GDC2024-GameAudioBundle1of9	BluezoneCorp - Steampunk Machines	BluezoneCorp - Steampunk Machines/Bluezone_BC0305_steampunk_machine_mechanical_texture_038.wav	0.35	96000	2	-0.2	0,122	Sonniss-GDC-royalty-free
mechanisms	Sonniss.com-GDC2024-GameAudioBundle1of9	BluezoneCorp - Steampunk Machines	BluezoneCorp - Steampunk Machines/Bluezone_BC0305_steampunk_machine_mechanical_texture_053.wav	1.75	96000	2	-0.2	0	Sonniss-GDC-royalty-free
mechanisms	Sonniss.com-GDC2024-GameAudioBundle1of9	BluezoneCorp - Steampunk Machines	BluezoneCorp - Steampunk Machines/Bluezone_BC0305_steampunk_machine_mechanical_texture_heavy_impact_011.wav	0.69	96000	2	-0.2	0	Sonniss-GDC-royalty-free
mechanisms	Sonniss.com-GDC2024-GameAudioBundle1of9	BluezoneCorp - Tiny Gears - Small Mechanism	BluezoneCorp - Tiny Gears - Small Mechanism/Bluezone_BC0301_tiny_gears_small_mechanism_click_003.wav	0.05	96000	2	-0.2	0	Sonniss-GDC-royalty-free
mechanisms	Sonniss.com-GDC2024-GameAudioBundle1of9	BluezoneCorp - Tiny Gears - Small Mechanism	BluezoneCorp - Tiny Gears - Small Mechanism/Bluezone_BC0301_tiny_gears_small_mechanism_click_complex_011.wav	0.25	96000	2	-0.2	0	Sonniss-GDC-royalty-free
mechanisms	Sonniss.com-GDC2024-GameAudioBundle1of9	BluezoneCorp - Tiny Gears - Small Mechanism	BluezoneCorp - Tiny Gears - Small Mechanism/Bluezone_BC0301_tiny_gears_small_mechanism_sequence_045.wav	3.38	96000	2	-0.2	0	Sonniss-GDC-royalty-free
mechanisms	Sonniss.com-GDC2024-GameAudioBundle1of9	BluezoneCorp - Tiny Gears - Small Mechanism	BluezoneCorp - Tiny Gears - Small Mechanism/Bluezone_BC0301_tiny_gears_small_mechanism_sequence_spinning_008.wav	2.37	96000	2	-0.2	0,970,1060,1150,1300,1500,1700,2000,2300	Sonniss-GDC-royalty-free
mechanisms	Sonniss.com-GDC2024-GameAudioBundle1of9	InMotionAudio - Broken Hair Dryer	InMotionAudio - Broken Hair Dryer/OBJMisc_HairDryerFoleyCableTension01_InMotionAudio_BrokenHairDryer.wav	6.84	96000	2	-7.3	0,279,577,658,812,1106,1726,2155,2770,2845,3329,5045	Sonniss-GDC-royalty-free
mechanisms	Sonniss.com-GDC2024-GameAudioBundle1of9	InMotionAudio - Broken Hair Dryer	InMotionAudio - Broken Hair Dryer/OBJMisc_HairDryerOnOff04_InMotionAudio_BrokenHairDryer.wav	15.85	96000	2	-3.8	0	Sonniss-GDC-royalty-free
mechanisms	Sonniss.com-GDC2024-GameAudioBundle1of9	InMotionAudio - Broken Hair Dryer	InMotionAudio - Broken Hair Dryer/OBJMisc_HairDryerSwitch36_InMotionAudio_BrokenHairDryer.wav	0.51	96000	2	-2.0	0,203	Sonniss-GDC-royalty-free
mechanisms	Sonniss.com-GDC2024-GameAudioBundle2of9	Jake Fielding - Drill - Foley & Bursts	Jake Fielding - Drill - Foley & Bursts/FOLYMisc_Drill Movement, Set Down_Jake Fielding_Drill.wav	14.24	48000	1	-1.2	491,688,851,1160,1642,2227,2675,2782,2949,3270,3420,3817,4124,4392,4548,4697,5557,8576,9055,9642,9780,9851,9964,10326	Sonniss-GDC-royalty-free
mechanisms	Sonniss.com-GDC2024-GameAudioBundle2of9	Jake Fielding - Drill - Foley & Bursts	Jake Fielding - Drill - Foley & Bursts/TOOLPowr_Drill Burst, Rev, Mechanical Tool, Electric,_Jake Fielding_Drill_09.wav	1.56	48000	1	-0.1	188	Sonniss-GDC-royalty-free
mechanisms	Sonniss.com-GDC2024-GameAudioBundle2of9	Jake Fielding - Drill - Foley & Bursts	Jake Fielding - Drill - Foley & Bursts/TOOLPowr_Drill Burst, Rev, Mechanical Tool, Electric,_Jake Fielding_Drill_22.wav	18.62	48000	1	-0.3	269,2953,3738,4570,5373,6241,8481,10960,13457,14083,17122,17707	Sonniss-GDC-royalty-free
mechanisms	Sonniss.com-GDC2024-GameAudioBundle2of9	Jake Fielding - Squeaky Gates	Jake Fielding - Squeaky Gates/DOORGate_Metal Gate Spring Latch Mechanism, Screech_Jake Fielding_Squeaky Gates_01.wav	38.40	96000	2			Sonniss-GDC-royalty-free
mechanisms	Sonniss.com-GDC2024-GameAudioBundle2of9	Jake Fielding - Squeaky Gates	Jake Fielding - Squeaky Gates/DOORGate_Wooden Metal Hinge Creaks_Jake Fielding_Squeaky Gates.wav	20.18	96000	1	-6.4	312,1563,2063,3795,8008,9754,11592,13777,15129,16848,17760	Sonniss-GDC-royalty-free
mechanisms	Sonniss.com-GDC2024-GameAudioBundle2of9	Justsoundeffects - Steampunk Gadgets	Justsoundeffects - Steampunk Gadgets/AIRBrst_Steam Release Short 03_JSE_SG_Mono.wav	12.00	96000	1	-4.6	0,2401,4823,7231,9627	Sonniss-GDC-royalty-free
mechanisms	Sonniss.com-GDC2024-GameAudioBundle2of9	Justsoundeffects - Steampunk Gadgets	Justsoundeffects - Steampunk Gadgets/AMBDsgn_Factory Hall with Large Steam Mashines 02_JSE_SG.wav	94.40	96000	2			Sonniss-GDC-royalty-free
mechanisms	Sonniss.com-GDC2024-GameAudioBundle2of9	Justsoundeffects - Steampunk Gadgets	Justsoundeffects - Steampunk Gadgets/MECHGear_Tiny Rotation 01_JSE_SG_Stereo.wav	30.70	96000	2			Sonniss-GDC-royalty-free
mechanisms	Sonniss.com-GDC2024-GameAudioBundle2of9	Justsoundeffects - Steampunk Gadgets	Justsoundeffects - Steampunk Gadgets/MECHMisc_Ricochet Hits 01_JSE_SG.wav	9.60	96000	2	-6.0	0,968,1189,2458,3597,4800,5729,5961,6193,6330,6451,7215,8151,8348,8641	Sonniss-GDC-royalty-free
ui	Sonniss.com-GDC2024-GameAudioBundle1of9	BluezoneCorp - Alien Interface	BluezoneCorp - Alien Interface/Bluezone_BC0300_alien_interface_sci_fi_texture_003.wav	3.48	96000	2	-0.2	0,2841	Sonniss-GDC-royalty-free
ui	Sonniss.com-GDC2024-GameAudioBundle1of9	BluezoneCorp - Alien Interface	BluezoneCorp - Alien Interface/Bluezone_BC0300_alien_interface_sci_fi_texture_046.wav	2.62	96000	2	-0.2	0	Sonniss-GDC-royalty-free
ui	Sonniss.com-GDC2024-GameAudioBundle1of9	BluezoneCorp - Alien Interface	BluezoneCorp - Alien Interface/Bluezone_BC0300_alien_interface_sci_fi_transition_004.wav	1.12	96000	2	-0.2	0	Sonniss-GDC-royalty-free
ui	Sonniss.com-GDC2024-GameAudioBundle1of9	BluezoneCorp - Alien Interface	BluezoneCorp - Alien Interface/Bluezone_BC0300_alien_interface_sci_fi_transition_008.wav	1.08	96000	2	-0.2	0	Sonniss-GDC-royalty-free
ui	Sonniss.com-GDC2024-GameAudioBundle1of9	BluezoneCorp - Futuristic User Interface	BluezoneCorp - Futuristic User Interface/Bluezone_BC0303_futuristic_user_interface_alert_003.wav	2.06	96000	2	-0.2	0	Sonniss-GDC-royalty-free
ui	Sonniss.com-GDC2024-GameAudioBundle1of9	BluezoneCorp - Futuristic User Interface	BluezoneCorp - Futuristic User Interface/Bluezone_BC0303_futuristic_user_interface_data_glitch_003.wav	4.50	96000	2	-0.2	80,681	Sonniss-GDC-royalty-free
ui	Sonniss.com-GDC2024-GameAudioBundle1of9	BluezoneCorp - Futuristic User Interface	BluezoneCorp - Futuristic User Interface/Bluezone_BC0303_futuristic_user_interface_high_tech_beep_038.wav	0.08	96000	2	-0.2	0	Sonniss-GDC-royalty-free
ui	Sonniss.com-GDC2024-GameAudioBundle1of9	BluezoneCorp - Futuristic User Interface	BluezoneCorp - Futuristic User Interface/Bluezone_BC0303_futuristic_user_interface_transition_006.wav	1.44	96000	2	-0.2	0	Sonniss-GDC-royalty-free
ui	Sonniss.com-GDC2024-GameAudioBundle1of9	BluezoneCorp - Retrofuturistic Computer	BluezoneCorp - Retrofuturistic Computer/Bluezone_BC0304_retrofuturistic_computer_alarm_005.wav	4.18	96000	2	-0.2	0,170,420,670,920,1170,1420,1670,1920,2170,2420,2670,2920,3170,3420,3670,3920	Sonniss-GDC-royalty-free
ui	Sonniss.com-GDC2024-GameAudioBundle1of9	BluezoneCorp - Retrofuturistic Computer	BluezoneCorp - Retrofuturistic Computer/Bluezone_BC0304_retrofuturistic_computer_button_013.wav	0.31	96000	2	-0.2	0	Sonniss-GDC-royalty-free
ui	Sonniss.com-GDC2024-GameAudioBundle1of9	BluezoneCorp - Retrofuturistic Computer	BluezoneCorp - Retrofuturistic Computer/Bluezone_BC0304_retrofuturistic_computer_data_processing_006.wav	4.38	96000	2	-0.2	0	Sonniss-GDC-royalty-free
ui	Sonniss.com-GDC2024-GameAudioBundle1of9	BluezoneCorp - Retrofuturistic Computer	BluezoneCorp - Retrofuturistic Computer/Bluezone_BC0304_retrofuturistic_computer_glitch_malfunction_004.wav	10.56	96000	2	-0.2	0	Sonniss-GDC-royalty-free
ui	Sonniss.com-GDC2024-GameAudioBundle1of9	CB Sounddesign - Activation 2	CB Sounddesign - Activation 2/UIClick_UI Click 33_CB Sounddesign_ACTIVATION2.wav	0.15	48000	2	-3.0	0	Sonniss-GDC-royalty-free
ui	Sonniss.com-GDC2024-GameAudioBundle1of9	CB Sounddesign - Activation 2	CB Sounddesign - Activation 2/UIData_Counter mid 54_CB Sounddesign_ACTIVATION2.wav	5.50	48000	2	-3.0	0,5382	Sonniss-GDC-royalty-free
ui	Sonniss.com-GDC2024-GameAudioBundle1of9	CB Sounddesign - Activation 2	CB Sounddesign - Activation 2/UIMisc_Feedback 36 up_CB Sounddesign_ACTIVATION2.wav	0.78	48000	2	-3.0	0	Sonniss-GDC-royalty-free
ui	Sonniss.com-GDC2024-GameAudioBundle1of9	CB Sounddesign - Activation 2	CB Sounddesign - Activation 2/UIMvmt_UI Zooms 103_CB Soudndesign_ACTIVATION2.wav	0.67	48000	2	-3.0	0	Sonniss-GDC-royalty-free
ui	Sonniss.com-GDC2024-GameAudioBundle1of9	Doex Studio - Qantum UI	Doex Studio - Qantum UI/UI_BACKGROUND_LOW_DarkDrone_01.wav	9.92	96000	2	-6.6	293	Sonniss-GDC-royalty-free
ui	Sonniss.com-GDC2024-GameAudioBundle1of9	Doex Studio - Qantum UI	Doex Studio - Qantum UI/UI_Noisy_Impact_09.wav	0.77	96000	2	-2.8	0	Sonniss-GDC-royalty-free
ui	Sonniss.com-GDC2024-GameAudioBundle1of9	Doex Studio - Qantum UI	Doex Studio - Qantum UI/UI_Select_Plastic_05.wav	1.44	96000	2	-4.8	210,821,1163	Sonniss-GDC-royalty-free
ui	Sonniss.com-GDC2024-GameAudioBundle1of9	Doex Studio - Qantum UI	Doex Studio - Qantum UI/UI_Window_MEDIUM_SlideMetal_02_CLOSED.wav	1.36	96000	2	-7.1	462	Sonniss-GDC-royalty-free
ui	Sonniss.com-GDC2024-GameAudioBundle1of9	InMotionAudio - Morse Code	InMotionAudio - Morse Code/COMTelm1_Left Parenthesis_InMotionAudio_MorseCodeSamples.wav	1.12	96000	2	-11.7	0	Sonniss-GDC-royalty-free
ui	Sonniss.com-GDC2024-GameAudioBundle1of9	InMotionAudio - Morse Code	InMotionAudio - Morse Code/COMTelm3_QuotationMark_InMotionAudio_MorseCodeSamples.wav	1.12	96000	2	-16.7	0	Sonniss-GDC-royalty-free
ui	Sonniss.com-GDC2024-GameAudioBundle1of9	InMotionAudio - Morse Code	InMotionAudio - Morse Code/COMTelm4_SOS_InMotionAudio_MorseCodeSamples.wav	1.62	96000	2	-13.2	0	Sonniss-GDC-royalty-free
ui	Sonniss.com-GDC2024-GameAudioBundle1of9	InMotionAudio - Morse Code	InMotionAudio - Morse Code/ELECEmf_Hum03_InMotionAudio_MorseCodeSamples.wav	15.00	96000	2	-6.2	0	Sonniss-GDC-royalty-free
ui	kenney_interface-sounds	kenney_interface-sounds	Audio/back_001.ogg	0.06	44100	1	-1.0	0	CC0
ui	kenney_interface-sounds	kenney_interface-sounds	Audio/back_002.ogg	0.07	44100	1	-1.0	0	CC0
ui	kenney_interface-sounds	kenney_interface-sounds	Audio/back_003.ogg	0.09	44100	1	-0.9	0	CC0
ui	kenney_interface-sounds	kenney_interface-sounds	Audio/back_004.ogg	0.07	44100	1	-0.9	0	CC0
ui	kenney_interface-sounds	kenney_interface-sounds	Audio/bong_001.ogg	0.12	44100	1	-0.9	0	CC0
ui	kenney_interface-sounds	kenney_interface-sounds	Audio/click_001.ogg	0.10	44100	1	-1.4	0	CC0
ui	kenney_interface-sounds	kenney_interface-sounds	Audio/click_002.ogg	0.01	44100	1	-0.9	0	CC0
ui	kenney_interface-sounds	kenney_interface-sounds	Audio/click_003.ogg	0.01	44100	1	-1.4	0	CC0
ui	kenney_interface-sounds	kenney_interface-sounds	Audio/click_004.ogg	0.01	44100	1	-1.2	0	CC0
ui	kenney_interface-sounds	kenney_interface-sounds	Audio/click_005.ogg	0.01	44100	1	-1.2	0	CC0
ui	kenney_interface-sounds	kenney_interface-sounds	Audio/close_001.ogg	0.15	44100	1	-0.9	0	CC0
ui	kenney_interface-sounds	kenney_interface-sounds	Audio/close_002.ogg	0.31	44100	1	-1.0	0	CC0
ui	kenney_interface-sounds	kenney_interface-sounds	Audio/close_003.ogg	0.31	44100	1	-0.9	0	CC0
ui	kenney_interface-sounds	kenney_interface-sounds	Audio/close_004.ogg	0.32	44100	1	-1.0	0	CC0
ui	kenney_interface-sounds	kenney_interface-sounds	Audio/confirmation_001.ogg	0.29	44100	1	-0.9	0	CC0
ui	kenney_interface-sounds	kenney_interface-sounds	Audio/confirmation_002.ogg	0.54	44100	1	-1.0	0	CC0
ui	kenney_interface-sounds	kenney_interface-sounds	Audio/confirmation_003.ogg	0.32	44100	1	-1.0	0	CC0
ui	kenney_interface-sounds	kenney_interface-sounds	Audio/confirmation_004.ogg	0.49	44100	1	-0.9	0	CC0
ui	kenney_interface-sounds	kenney_interface-sounds	Audio/drop_001.ogg	0.11	44100	2	-0.9	0	CC0
ui	kenney_interface-sounds	kenney_interface-sounds	Audio/drop_002.ogg	0.19	44100	2	-1.1	0	CC0
ui	kenney_interface-sounds	kenney_interface-sounds	Audio/drop_003.ogg	0.19	44100	2	-1.1	0	CC0
ui	kenney_interface-sounds	kenney_interface-sounds	Audio/drop_004.ogg	0.29	44100	2	-0.9	0	CC0
ui	kenney_interface-sounds	kenney_interface-sounds	Audio/error_001.ogg	0.16	44100	2	-0.8	0	CC0
ui	kenney_interface-sounds	kenney_interface-sounds	Audio/error_002.ogg	0.16	44100	2	-0.0	0	CC0
ui	kenney_interface-sounds	kenney_interface-sounds	Audio/error_003.ogg	0.53	44100	2	-0.5	0	CC0
ui	kenney_interface-sounds	kenney_interface-sounds	Audio/error_004.ogg	0.10	44100	2	-1.3	0	CC0
ui	kenney_interface-sounds	kenney_interface-sounds	Audio/error_005.ogg	0.50	44100	1	-1.0	0	CC0
ui	kenney_interface-sounds	kenney_interface-sounds	Audio/error_006.ogg	0.50	44100	1	-0.8	0	CC0
ui	kenney_interface-sounds	kenney_interface-sounds	Audio/error_007.ogg	0.19	44100	1	-0.9	0	CC0
ui	kenney_interface-sounds	kenney_interface-sounds	Audio/error_008.ogg	0.14	44100	1	-1.0	0	CC0
ui	kenney_interface-sounds	kenney_interface-sounds	Audio/glass_001.ogg	0.28	44100	1	-1.0	0	CC0
ui	kenney_interface-sounds	kenney_interface-sounds	Audio/glass_002.ogg	0.13	44100	1	-1.0	0	CC0
ui	kenney_interface-sounds	kenney_interface-sounds	Audio/glass_003.ogg	0.12	44100	1	-0.9	0	CC0
ui	kenney_interface-sounds	kenney_interface-sounds	Audio/glass_004.ogg	0.69	44100	1	-1.1	0	CC0
ui	kenney_interface-sounds	kenney_interface-sounds	Audio/glass_005.ogg	0.11	44100	1	-0.9	0	CC0
ui	kenney_interface-sounds	kenney_interface-sounds	Audio/glass_006.ogg	0.11	44100	1	-1.0	0	CC0
ui	kenney_interface-sounds	kenney_interface-sounds	Audio/glitch_001.ogg	0.02	44100	2	-1.0	0	CC0
ui	kenney_interface-sounds	kenney_interface-sounds	Audio/glitch_002.ogg	0.03	44100	2	-1.2	0	CC0
ui	kenney_interface-sounds	kenney_interface-sounds	Audio/glitch_003.ogg	0.01	44100	2	-0.5	0	CC0
ui	kenney_interface-sounds	kenney_interface-sounds	Audio/glitch_004.ogg	0.02	44100	2	-0.9	0	CC0
ui	kenney_interface-sounds	kenney_interface-sounds	Audio/maximize_001.ogg	0.26	44100	1	-1.0	0	CC0
ui	kenney_interface-sounds	kenney_interface-sounds	Audio/maximize_002.ogg	0.26	44100	1	-0.9	0	CC0
ui	kenney_interface-sounds	kenney_interface-sounds	Audio/maximize_003.ogg	0.21	44100	1	-0.9	0	CC0
ui	kenney_interface-sounds	kenney_interface-sounds	Audio/maximize_004.ogg	0.42	44100	1	-0.9	0	CC0
ui	kenney_interface-sounds	kenney_interface-sounds	Audio/maximize_005.ogg	0.53	44100	1	-0.9	76	CC0
ui	kenney_interface-sounds	kenney_interface-sounds	Audio/maximize_006.ogg	0.38	44100	1	-0.9	0	CC0
ui	kenney_interface-sounds	kenney_interface-sounds	Audio/maximize_007.ogg	0.19	44100	1	-1.0	0	CC0
ui	kenney_interface-sounds	kenney_interface-sounds	Audio/maximize_008.ogg	0.23	44100	1	-0.9	0	CC0
ui	kenney_interface-sounds	kenney_interface-sounds	Audio/maximize_009.ogg	0.22	44100	1	-0.9	0	CC0
ui	kenney_interface-sounds	kenney_interface-sounds	Audio/minimize_001.ogg	0.26	44100	1	-0.9	0	CC0
ui	kenney_interface-sounds	kenney_interface-sounds	Audio/minimize_002.ogg	0.26	44100	1	-0.9	0	CC0
ui	kenney_interface-sounds	kenney_interface-sounds	Audio/minimize_003.ogg	0.21	44100	1	-1.0	0	CC0
ui	kenney_interface-sounds	kenney_interface-sounds	Audio/minimize_004.ogg	0.42	44100	1	-0.9	0	CC0
ui	kenney_interface-sounds	kenney_interface-sounds	Audio/minimize_005.ogg	0.53	44100	1	-0.8	0	CC0
ui	kenney_interface-sounds	kenney_interface-sounds	Audio/minimize_006.ogg	0.38	44100	1	-1.0	0	CC0
ui	kenney_interface-sounds	kenney_interface-sounds	Audio/minimize_007.ogg	0.19	44100	1	-1.3	0	CC0
ui	kenney_interface-sounds	kenney_interface-sounds	Audio/minimize_008.ogg	0.23	44100	1	-0.9	0	CC0
ui	kenney_interface-sounds	kenney_interface-sounds	Audio/minimize_009.ogg	0.22	44100	1	-0.9	0	CC0
ui	kenney_interface-sounds	kenney_interface-sounds	Audio/open_001.ogg	0.15	44100	1	-0.9	0	CC0
ui	kenney_interface-sounds	kenney_interface-sounds	Audio/open_002.ogg	0.31	44100	1	-0.9	0	CC0
ui	kenney_interface-sounds	kenney_interface-sounds	Audio/open_003.ogg	0.31	44100	1	-1.0	0	CC0
ui	kenney_interface-sounds	kenney_interface-sounds	Audio/open_004.ogg	0.32	44100	1	-1.0	0	CC0
ui	kenney_interface-sounds	kenney_interface-sounds	Audio/pluck_001.ogg	0.10	44100	2	-0.0	0	CC0
ui	kenney_interface-sounds	kenney_interface-sounds	Audio/pluck_002.ogg	0.16	44100	2	-0.5	0	CC0
ui	kenney_interface-sounds	kenney_interface-sounds	Audio/question_001.ogg	0.49	44100	1	-0.9	0	CC0
ui	kenney_interface-sounds	kenney_interface-sounds	Audio/question_002.ogg	0.33	44100	1	-0.9	0	CC0
ui	kenney_interface-sounds	kenney_interface-sounds	Audio/question_003.ogg	0.33	44100	1	-0.9	0	CC0
ui	kenney_interface-sounds	kenney_interface-sounds	Audio/question_004.ogg	0.33	44100	1	-0.9	0	CC0
ui	kenney_interface-sounds	kenney_interface-sounds	Audio/scratch_001.ogg	0.14	44100	1	-0.9	0	CC0
ui	kenney_interface-sounds	kenney_interface-sounds	Audio/scratch_002.ogg	0.14	44100	1	-1.0	0	CC0
ui	kenney_interface-sounds	kenney_interface-sounds	Audio/scratch_003.ogg	0.12	44100	1	-1.0	0	CC0
ui	kenney_interface-sounds	kenney_interface-sounds	Audio/scratch_004.ogg	0.33	44100	1	-1.0	0	CC0
ui	kenney_interface-sounds	kenney_interface-sounds	Audio/scratch_005.ogg	0.33	44100	1	-1.0	0	CC0
ui	kenney_interface-sounds	kenney_interface-sounds	Audio/scroll_001.ogg	1.00	44100	1	-0.9	0	CC0
ui	kenney_interface-sounds	kenney_interface-sounds	Audio/scroll_002.ogg	1.00	44100	1	-0.9	0	CC0
ui	kenney_interface-sounds	kenney_interface-sounds	Audio/scroll_003.ogg	1.00	44100	1	-0.9	0	CC0
ui	kenney_interface-sounds	kenney_interface-sounds	Audio/scroll_004.ogg	1.00	44100	1	-0.9	0	CC0
ui	kenney_interface-sounds	kenney_interface-sounds	Audio/scroll_005.ogg	1.00	44100	1	-0.9	0	CC0
ui	kenney_interface-sounds	kenney_interface-sounds	Audio/select_001.ogg	0.04	44100	2	-1.1	0	CC0
ui	kenney_interface-sounds	kenney_interface-sounds	Audio/select_002.ogg	0.04	44100	2	-1.0	0	CC0
ui	kenney_interface-sounds	kenney_interface-sounds	Audio/select_003.ogg	0.38	44100	1	-0.8	0	CC0
ui	kenney_interface-sounds	kenney_interface-sounds	Audio/select_004.ogg	0.38	44100	1	-0.7	0	CC0
ui	kenney_interface-sounds	kenney_interface-sounds	Audio/select_005.ogg	0.38	44100	1	-1.3	0	CC0
ui	kenney_interface-sounds	kenney_interface-sounds	Audio/select_006.ogg	1.94	44100	1	-0.8	0	CC0
ui	kenney_interface-sounds	kenney_interface-sounds	Audio/select_007.ogg	0.05	44100	1	-1.0	0	CC0
ui	kenney_interface-sounds	kenney_interface-sounds	Audio/select_008.ogg	0.05	44100	1	-1.0	0	CC0
ui	kenney_interface-sounds	kenney_interface-sounds	Audio/switch_001.ogg	0.62	44100	2	-1.0	0,110	CC0
ui	kenney_interface-sounds	kenney_interface-sounds	Audio/switch_002.ogg	0.61	44100	2	-0.9	0,110	CC0
ui	kenney_interface-sounds	kenney_interface-sounds	Audio/switch_003.ogg	0.50	44100	2	-0.9	0	CC0
ui	kenney_interface-sounds	kenney_interface-sounds	Audio/switch_004.ogg	0.50	44100	2	-1.0	0,110	CC0
ui	kenney_interface-sounds	kenney_interface-sounds	Audio/switch_005.ogg	0.61	44100	2	-0.9	0,110	CC0
ui	kenney_interface-sounds	kenney_interface-sounds	Audio/switch_006.ogg	0.61	44100	2	-0.9	0,110	CC0
ui	kenney_interface-sounds	kenney_interface-sounds	Audio/switch_007.ogg	0.61	44100	2	-1.0	0,110	CC0
ui	kenney_interface-sounds	kenney_interface-sounds	Audio/tick_001.ogg	0.02	44100	1	-0.8	0	CC0
ui	kenney_interface-sounds	kenney_interface-sounds	Audio/tick_002.ogg	0.02	44100	1	-1.2	0	CC0
ui	kenney_interface-sounds	kenney_interface-sounds	Audio/tick_004.ogg	0.05	44100	1	-0.9	0	CC0
ui	kenney_interface-sounds	kenney_interface-sounds	Audio/toggle_001.ogg	0.14	44100	1	-0.9	0	CC0
ui	kenney_interface-sounds	kenney_interface-sounds	Audio/toggle_002.ogg	0.14	44100	1	-0.9	0	CC0
ui	kenney_interface-sounds	kenney_interface-sounds	Audio/toggle_003.ogg	0.14	44100	1	-0.9	0	CC0
ui	kenney_interface-sounds	kenney_interface-sounds	Audio/toggle_004.ogg	0.07	44100	1	-0.9	0	CC0
vehicles-guns	Sonniss.com-GDC2024-GameAudioBundle1of9	Bryan Gold - 1967 Corvette Convertible Work-Up	Bryan Gold - 1967 Corvette Convertible Work-Up/VEHCar_1967 Corvette EXT-Group A  Approach In Accelerate MEDIUM Lead car then Vette Left to Right 02 M1_GoldSND_M1C 101419_aaOVPpPmTQSk.wav	38.04	96000	2			Sonniss-GDC-royalty-free
vehicles-guns	Sonniss.com-GDC2024-GameAudioBundle1of9	Bryan Gold - 1967 Corvette Convertible Work-Up	Bryan Gold - 1967 Corvette Convertible Work-Up/VEHCar_1967 Corvette OnBoard-Group B  ENGINE MIC, False Start_GoldSND_M1C 101419_aaOVPB0iRHSk.wav	3.66	96000	1	-31.2	485	Sonniss-GDC-royalty-free
vehicles-guns	Sonniss.com-GDC2024-GameAudioBundle1of9	Bryan Gold - 1967 Corvette Convertible Work-Up	Bryan Gold - 1967 Corvette Convertible Work-Up/VEHCar_1967 Corvette OnBoard-Group F  Intake MIC, Start Hot Lap 03_GoldSND_M1C 101419_aaOVP3tvPKSk.wav	382.62	96000	1			Sonniss-GDC-royalty-free
vehicles-guns	Sonniss.com-GDC2024-GameAudioBundle1of9	Bryan Gold - 1967 Corvette Convertible Work-Up	Bryan Gold - 1967 Corvette Convertible Work-Up/VEHDoor_1967 Corvette EXT-Drivers Door Open & Close 03_GoldSND_M1C 101419_aayuRl#mUfTk.wav	4.55	96000	2	-4.0	1016,1134,1663,3302	Sonniss-GDC-royalty-free
vehicles-guns	Sonniss.com-GDC2024-GameAudioBundle1of9	Cactuzz Sound - 1993 Suzuki VS 800 GL Intruder	Cactuzz Sound - 1993 Suzuki VS 800 GL Intruder/1993 Suzuki VS 800 GL Intruder, Foley, Saddlebags open, close, handling, Shotgun mic_2.wav	35.82	96000	1			Sonniss-GDC-royalty-free
vehicles-guns	Sonniss.com-GDC2024-GameAudioBundle1of9	Cactuzz Sound - 1993 Suzuki VS 800 GL Intruder	Cactuzz Sound - 1993 Suzuki VS 800 GL Intruder/1993 Suzuki VS 800 GL Intruder, Onboard, Cruising, City, long engine start, slow cruise, Mix.wav	70.56	96000	2			Sonniss-GDC-royalty-free
vehicles-guns	Sonniss.com-GDC2024-GameAudioBundle1of9	Cactuzz Sound - 1993 Suzuki VS 800 GL Intruder	Cactuzz Sound - 1993 Suzuki VS 800 GL Intruder/1993 Suzuki VS 800 GL Intruder, Onboard, idle, Mix, Loop, Short.wav	4.17	96000	2	-11.1	0	Sonniss-GDC-royalty-free
vehicles-guns	Sonniss.com-GDC2024-GameAudioBundle1of9	Cactuzz Sound - 1993 Suzuki VS 800 GL Intruder	Cactuzz Sound - 1993 Suzuki VS 800 GL Intruder/1993 Suzuki VS 800 GL Intruder, pass-by back to front, asphalt, M-S.wav	17.75	96000	2	-3.5	4235,4348,11548	Sonniss-GDC-royalty-free
vehicles-guns	Sonniss.com-GDC2024-GameAudioBundle1of9	DavidDumais - ATV Arctic Cat 650 H1	DavidDumais - ATV Arctic Cat 650 H1/VEHAtv-Mono_Driveby 03_DDUMAIS_ATV ARCTIC CAT 650 H1.wav	22.59	96000	2	-5.4	2094,2158,2222,2410,2473,17204	Sonniss-GDC-royalty-free
vehicles-guns	Sonniss.com-GDC2024-GameAudioBundle1of9	DavidDumais - ATV Arctic Cat 650 H1	DavidDumais - ATV Arctic Cat 650 H1/VEHAtv-Mono_Medium Steady Rpm Loop 01_DDUMAIS_ATV ARCTIC CAT 650 H1.wav	22.16	96000	2	-4.1	0	Sonniss-GDC-royalty-free
vehicles-guns	Sonniss.com-GDC2024-GameAudioBundle1of9	DavidDumais - ATV Arctic Cat 650 H1	DavidDumais - ATV Arctic Cat 650 H1/VEHAtv-Stereo01_Various Driving With Engine Start And Engine Shutoff 01_DDUMAIS_ATV ARCTIC CAT 650 H1.wav	32.29	96000	2			Sonniss-GDC-royalty-free
vehicles-guns	Sonniss.com-GDC2024-GameAudioBundle1of9	DavidDumais - ATV Arctic Cat 650 H1	DavidDumais - ATV Arctic Cat 650 H1/VEHAtv-Stereo02_Accessories Compartment Foley Various 07_DDUMAIS_ATV ARCTIC CAT 650 H1.wav	1.24	96000	2	-2.9	100,235	Sonniss-GDC-royalty-free
vehicles-guns	Sonniss.com-GDC2024-GameAudioBundle1of9	Dramatic Cat - Audi Q2	Dramatic Cat - Audi Q2/VEHCar_Audi Q2 EXTERIOR Pass By Slow Decelerating Then Accelerating MSD_DRCA_AUQ2_MKH8040 MKH30.wav	14.86	96000	2	-4.2	464,581,670,14117,14210,14336	Sonniss-GDC-royalty-free
vehicles-guns	Sonniss.com-GDC2024-GameAudioBundle1of9	Dramatic Cat - Audi Q2	Dramatic Cat - Audi Q2/VEHCar_Audi Q2 ONBOARD Driving Sequence With Revs Up And Down EXHAUST RIGHT_DRCA_AUQ2_MKH8040.wav	133.22	96000	1			Sonniss-GDC-royalty-free
vehicles-guns	Sonniss.com-GDC2024-GameAudioBundle1of9	Dramatic Cat - Audi Q2	Dramatic Cat - Audi Q2/VEHCar_Audi Q2 ONBOARD Turn On Start Long Idle Stop Shutoff EXHAUST CENTER_DRCA_AUQ2_UsiPro.wav	30.64	96000	1			Sonniss-GDC-royalty-free
vehicles-guns	Sonniss.com-GDC2024-GameAudioBundle1of9	Dramatic Cat - Audi Q7	Dramatic Cat - Audi Q7/VEHCar_Audi Q7 EXTERIOR Approach Fast Stop Drive Away Fast ORTF_DRCA_AUQ7_MK012.wav	11.50	96000	2	-1.7	283,356	Sonniss-GDC-royalty-free
vehicles-guns	Sonniss.com-GDC2024-GameAudioBundle1of9	Dramatic Cat - Audi Q7	Dramatic Cat - Audi Q7/VEHCar_Audi Q7 ONBOARD Driving Sequence With Various Accelerations And Decelerations 02 ENGINE INTAKE_DRCA_AUQ7_MikroUsi.wav	310.31	96000	1			Sonniss-GDC-royalty-free
vehicles-guns	Sonniss.com-GDC2024-GameAudioBundle1of9	Dramatic Cat - Audi Q7	Dramatic Cat - Audi Q7/VEHHorn_Audi Q7 EXTERIOR Horn Short And Long MONO_DRCA_AUQ7_Kmr81i.wav	4.55	96000	1	-0.8	0,1283,2516	Sonniss-GDC-royalty-free
vehicles-guns	Sonniss.com-GDC2024-GameAudioBundle1of9	Dramatic Cat - Lake Boat - Mercury 4-stroke 60HP	Dramatic Cat - Lake Boat - Mercury 4-stroke 60HP/BOATMotr_Boat Mercury EXTERIOR Pass By Ride Away STEREO_DRCA_MERC_MKH8040 MKH30.wav	30.27	96000	2			Sonniss-GDC-royalty-free
vehicles-guns	Sonniss.com-GDC2024-GameAudioBundle1of9	Dramatic Cat - Lake Boat - Mercury 4-stroke 60HP	Dramatic Cat - Lake Boat - Mercury 4-stroke 60HP/BOATMotr_Boat Mercury ONBOARD Ramp Up And Down Long ENGINE_DRCA_MERC_Kmr81i.wav	48.25	96000	1			Sonniss-GDC-royalty-free
vehicles-guns	Sonniss.com-GDC2024-GameAudioBundle1of9	Dramatic Cat - Lake Boat - Mercury 4-stroke 60HP	Dramatic Cat - Lake Boat - Mercury 4-stroke 60HP/BOATWash_Boat Mercury ONBOARD Riding Sequence Various Speeds 01 FRONT_DRCA_MERC_MKH8040.wav	81.92	96000	1			Sonniss-GDC-royalty-free
vehicles-guns	Sonniss.com-GDC2024-GameAudioBundle1of9	Dramatic Cat - Magnum 7250	Dramatic Cat - Magnum 7250/VEHFarm_Tractor Magnum 7250 EXTERIOR Pass By 01 STEREO_DRCA_MAGN_MKH8040 MKH30.wav	23.18	96000	2	-0.3	750,840	Sonniss-GDC-royalty-free
vehicles-guns	Sonniss.com-GDC2024-GameAudioBundle1of9	Dramatic Cat - Magnum 7250	Dramatic Cat - Magnum 7250/VEHFarm_Tractor Magnum 7250 ONBOARD Driving Sequence Constant RPMs 01 INTERIOR_DRCA_MAGN_MK012.wav	75.64	96000	2			Sonniss-GDC-royalty-free
vehicles-guns	Sonniss.com-GDC2024-GameAudioBundle1of9	Dramatic Cat - Magnum 7250	Dramatic Cat - Magnum 7250/VEHFarm_Tractor Magnum 7250 ONBOARD Driving Sequence Idle And Revving ENGINE LEFT_DRCA_MAGN_UsiPro.wav	34.63	96000	1			Sonniss-GDC-royalty-free
vehicles-guns	Sonniss.com-GDC2024-GameAudioBundle1of9	Dramatic Cat - Saiga-12	Dramatic Cat - Saiga-12/GUNMech_Saiga 12 Cal.12 SOURCE Chamber Eject Bullet_DRCA_SG12_MKH416.wav	5.53	96000	1	-0.1	283,2286,2704,4284,4733,4842	Sonniss-GDC-royalty-free
vehicles-guns	Sonniss.com-GDC2024-GameAudioBundle1of9	Dramatic Cat - Saiga-12	Dramatic Cat - Saiga-12/GUNShotg_Saiga 12 Cal.12 DESIGNED Single Shot Core Long_DRCA_SG12_Stereo.wav	49.37	96000	2			Sonniss-GDC-royalty-free
vehicles-guns	Sonniss.com-GDC2024-GameAudioBundle1of9	Dramatic Cat - Saiga-12	Dramatic Cat - Saiga-12/GUNShotg_Saiga 12 Cal.12 SOURCE Single Shots 1m Side MKH8040_DRCA_SG12_MONO.wav	55.29	192000	1			Sonniss-GDC-royalty-free
vehicles-guns	Sonniss.com-GDC2024-GameAudioBundle1of9	Dramatic Cat - SVD Dragunov	Dramatic Cat - SVD Dragunov/GUNMech_SVD Dragunov 7.62×54R SOURCE Magazine Insert Slow_DRCA_DRAG_CO-100K.wav	17.30	192000	1	-0.2	265,468,617,898,3266,3489,3584,3675,3858,4092,6363,6579,6948,7305,9272,9429,9652,9754,9923,12268,12343,12547,12974,13107	Sonniss-GDC-royalty-free
vehicles-guns	Sonniss.com-GDC2024-GameAudioBundle1of9	Dramatic Cat - SVD Dragunov	Dramatic Cat - SVD Dragunov/GUNRif_SVD Dragunov 7.62×54R DESIGNED Single Shot Core Long_DRCA_DRAG_Stereo_05.wav	2.62	48000	2	-0.1	0,686	Sonniss-GDC-royalty-free
vehicles-guns	Sonniss.com-GDC2024-GameAudioBundle1of9	Dramatic Cat - SVD Dragunov	Dramatic Cat - SVD Dragunov/GUNRif_SVD Dragunov 7.62×54R SOURCE Single Shots 30m Front MikroUsi_DRCA_DRAG_AB.wav	34.24	96000	2			Sonniss-GDC-royalty-free
vehicles-guns	Sonniss.com-GDC2024-GameAudioBundle2of9	Justsoundeffects - Renault R4	Justsoundeffects - Renault R4/VEHCar_Renault R4 GTL Drive Various Speed Gear Down Exterior_JSE_RR4_Engine Compartment Mic_Mono.wav	144.51	48000	1			Sonniss-GDC-royalty-free
vehicles-guns	Sonniss.com-GDC2024-GameAudioBundle2of9	Justsoundeffects - Renault R4	Justsoundeffects - Renault R4/VEHHorn_Renault R4 GTL Horn Signal 01 Interior_JSE_RR4_Mono.wav	5.29	48000	1	-7.4	0,588,1365,3049,3733,4418	Sonniss-GDC-royalty-free
vehicles-guns	Sonniss.com-GDC2024-GameAudioBundle2of9	Justsoundeffects - Renault R4	Justsoundeffects - Renault R4/VEHMech_Renault R4 GTL Windshield Washer Interior_JSE_RR4_Stereo.wav	6.26	48000	2	-0.2	0,4495,4582	Sonniss-GDC-royalty-free
vehicles-guns	Sonniss.com-GDC2024-GameAudioBundle2of9	Justsoundeffects - Renault R4	Justsoundeffects - Renault R4/VEHTire_Renault R4 GTL Drive and Roll Fast Across Street Speed Bumps Exterior_JSE_RR4_Wheel Mic_Mono.wav	82.71	48000	1			Sonniss-GDC-royalty-free
voices	Sonniss.com-GDC2024-GameAudioBundle1of9	CB Sounddesign - Sci-Fi Voices Volume 01 Mothership	CB Sounddesign - Sci-Fi Voices Volume 01 Mothership/Mothership_Access_denied.wav	2.75	48000	2	-3.0	0	Sonniss-GDC-royalty-free
voices	Sonniss.com-GDC2024-GameAudioBundle1of9	CB Sounddesign - Sci-Fi Voices Volume 01 Mothership	CB Sounddesign - Sci-Fi Voices Volume 01 Mothership/Mothership_Awaiting_response.wav	2.75	48000	2	-3.0	0	Sonniss-GDC-royalty-free
voices	Sonniss.com-GDC2024-GameAudioBundle1of9	CB Sounddesign - Sci-Fi Voices Volume 01 Mothership	CB Sounddesign - Sci-Fi Voices Volume 01 Mothership/Mothership_Entering_hostile_territory_All_crew_members_be_on_high_alert.wav	6.84	48000	2	-3.0	138,2467,3982,5116	Sonniss-GDC-royalty-free
voices	Sonniss.com-GDC2024-GameAudioBundle1of9	CB Sounddesign - Sci-Fi Voices Volume 01 Mothership	CB Sounddesign - Sci-Fi Voices Volume 01 Mothership/Mothership_Initiating_strike_teams_infiltrating_enemy_ships.wav	5.48	48000	2	-3.0	0,2172	Sonniss-GDC-royalty-free
voices	Sonniss.com-GDC2024-GameAudioBundle1of9	CB Sounddesign - Sci-Fi Voices Volume 02 Big Battle Robot	CB Sounddesign - Sci-Fi Voices Volume 02 Big Battle Robot/Androids detected.wav	3.53	48000	2	-3.0	0	Sonniss-GDC-royalty-free
voices	Sonniss.com-GDC2024-GameAudioBundle1of9	CB Sounddesign - Sci-Fi Voices Volume 02 Big Battle Robot	CB Sounddesign - Sci-Fi Voices Volume 02 Big Battle Robot/HQ rubble cleared Preparing for new construction.wav	5.87	48000	2	-3.0	0,2033	Sonniss-GDC-royalty-free
voices	Sonniss.com-GDC2024-GameAudioBundle1of9	CB Sounddesign - Sci-Fi Voices Volume 02 Big Battle Robot	CB Sounddesign - Sci-Fi Voices Volume 02 Big Battle Robot/Progress insufficient.wav	2.23	48000	2	-3.0	0	Sonniss-GDC-royalty-free
voices	Sonniss.com-GDC2024-GameAudioBundle1of9	CB Sounddesign - Sci-Fi Voices Volume 02 Big Battle Robot	CB Sounddesign - Sci-Fi Voices Volume 02 Big Battle Robot/Target acquired Engaging stealth mode.wav	4.45	48000	2	-3.0	0,1727	Sonniss-GDC-royalty-free
voices	Sonniss.com-GDC2024-GameAudioBundle1of9	CB Sounddesign - Sci-Fi Voices Volume 03 Advanced Android	CB Sounddesign - Sci-Fi Voices Volume 03 Advanced Android/Carrying out orders.wav	2.48	48000	2	-3.0	0	Sonniss-GDC-royalty-free
voices	Sonniss.com-GDC2024-GameAudioBundle1of9	CB Sounddesign - Sci-Fi Voices Volume 03 Advanced Android	CB Sounddesign - Sci-Fi Voices Volume 03 Advanced Android/Hostile presence detected.wav	2.68	48000	2	-3.0	0	Sonniss-GDC-royalty-free
voices	Sonniss.com-GDC2024-GameAudioBundle1of9	CB Sounddesign - Sci-Fi Voices Volume 03 Advanced Android	CB Sounddesign - Sci-Fi Voices Volume 03 Advanced Android/Maintenance complete.wav	2.39	48000	2	-3.0	0	Sonniss-GDC-royalty-free
voices	Sonniss.com-GDC2024-GameAudioBundle1of9	CB Sounddesign - Sci-Fi Voices Volume 03 Advanced Android	CB Sounddesign - Sci-Fi Voices Volume 03 Advanced Android/Uploading information.wav	2.76	48000	2	-3.0	0	Sonniss-GDC-royalty-free
voices	Sonniss.com-GDC2024-GameAudioBundle1of9	DavidDumais - Robotic Creatures Sound FX	DavidDumais - Robotic Creatures Sound FX/CREAMisc_Creature 05 Long Growl 31_DDUMAIS_MCSFX.wav	1.72	96000	2	-3.0	123	Sonniss-GDC-royalty-free
voices	Sonniss.com-GDC2024-GameAudioBundle1of9	DavidDumais - Robotic Creatures Sound FX	DavidDumais - Robotic Creatures Sound FX/CREAMisc_Creature Power On 14_DDUMAIS_MCSFX.wav	1.76	96000	2	-2.3	0	Sonniss-GDC-royalty-free
voices	Sonniss.com-GDC2024-GameAudioBundle1of9	DavidDumais - Robotic Creatures Sound FX	DavidDumais - Robotic Creatures Sound FX/CREAMisc_Heavy Mechanical Footsteps 03_DDUMAIS_MCSFX.wav	8.93	96000	2	-1.0	0,895,1706,2600,3363,4858,6344,7808	Sonniss-GDC-royalty-free
voices	Sonniss.com-GDC2024-GameAudioBundle1of9	DavidDumais - Robotic Creatures Sound FX	DavidDumais - Robotic Creatures Sound FX/UIData_Technology Scanner 05_DDUMAIS_MCSFX.wav	4.81	96000	2	-1.3	0	Sonniss-GDC-royalty-free
voices	Sonniss.com-GDC2024-GameAudioBundle2of9	Jake Fielding - Red Kite	Jake Fielding - Red Kite/BIRDPrey_Red Kite Call, Screech, Bird of Prey, Hawk,_Jake Fielding_Red Kite_02.wav	20.46	48000	1	-5.0	168,5438,9249,12835,15301,17905	Sonniss-GDC-royalty-free
voices	Sonniss.com-GDC2024-GameAudioBundle2of9	Mechanical Wave - Farm Animals	Mechanical Wave - Farm Animals/ANMLFarm_Pig Squeal and Snort-18_MWSFX_FA.wav	1.55	96000	2	-5.3	0	Sonniss-GDC-royalty-free
voices	Sonniss.com-GDC2024-GameAudioBundle2of9	Mechanical Wave - Farm Animals	Mechanical Wave - Farm Animals/BIRDFowl_Chick Squawks-02_MWSFX_FA.wav	10.00	96000	2	-2.4	0,895,1168,2699,2843,3156,3718,3895,4478,4869,5089,5347,5593,5780,5998,7213,8073,8552,8638,9591	Sonniss-GDC-royalty-free
voices	Sonniss.com-GDC2024-GameAudioBundle2of9	Mechanical Wave - Farm Animals	Mechanical Wave - Farm Animals/BIRDFowl_Goose Baby And Adult-02_MWSFX_FA.wav	14.53	96000	2	-6.4	218,319,4717,4863,5276,7287,12723,12896,13248,13437	Sonniss-GDC-royalty-free
voices	Sonniss.com-GDC2024-GameAudioBundle2of9	Mechanical Wave - Farm Animals	Mechanical Wave - Farm Animals/BIRDFowl_Rooster Call-12_MWSFX_FA.wav	2.46	96000	2	-10.3	185	Sonniss-GDC-royalty-free
